Date,Сахар,Notes (Сахар),Жареное (с маслом),Notes (Жареное (с маслом)),Мучное,Notes (Мучное),Жареная пища в панировке / фритюре,Notes (Жареная пища в панировке / фритюре),Хлеб (и тортильи),Notes (Хлеб (и тортильи)),"Не доел, когда наелся","Notes (Не доел, когда наелся)",Сладкие газировки,Notes (Сладкие газировки),Чипсы,Notes (Чипсы),No Coffee,Notes (No Coffee),Alcohol,Notes (Alcohol),Sneeze,Notes (Sneeze),No porn,Notes (No porn)
18.05.2023,-,-,-,-,-,-,-,-,-,-,-,-,-,-,-,-,Green,-,-,-,Green,-,Red,-
19.05.2023,-,-,-,-,-,-,-,-,-,-,-,-,-,-,-,-,Green,-,-,-,Green,-,Green,-
20.05.2023,-,-,-,-,-,-,-,-,-,-,-,-,-,-,-,-,Green,-,-,-,Red,-,Green,-
21.05.2023,-,-,-,-,-,-,-,-,-,-,-,-,-,-,-,-,Green,-,-,-,Red,-,Green,-
22.05.2023,-,-,-,-,-,-,-,-,-,-,-,-,-,-,-,-,Green,-,Red,-,Red,-,Green,-
23.05.2023,-,-,-,-,-,-,-,-,-,-,-,-,-,-,-,-,Green,-,Green,-,Green,-,Green,-
24.05.2023,-,-,-,-,-,-,-,-,-,-,-,-,-,-,-,-,Green,-,Red,-,Green,-,Green,-
25.05.2023,-,-,-,-,-,-,-,-,-,-,-,-,-,-,-,-,Green,-,Red,-,Green,-,Red,-
26.05.2023,-,-,-,-,-,-,-,-,-,-,-,-,-,-,-,-,Green,-,Green,-,Green,-,Green,-
27.05.2023,-,-,-,-,-,-,-,-,-,-,-,-,-,-,-,-,Green,-,Green,-,Green,-,Red,-
28.05.2023,-,-,-,-,-,-,-,-,-,-,-,-,-,-,-,-,Green,-,Green,-,Green,-,Red,-
29.05.2023,-,-,-,-,-,-,-,-,-,-,-,-,-,-,-,-,Green,-,Green,-,Red,-,Green,-
30.05.2023,-,-,-,-,-,-,-,-,-,-,-,-,-,-,-,-,Green,-,Green,-,Red,-,Red,-
31.05.2023,-,-,-,-,-,-,-,-,-,-,-,-,-,-,-,-,Green,-,Green,-,Red,-,Red,-
01.06.2023,-,-,-,-,-,-,-,-,-,-,-,-,-,-,-,-,Green,-,Green,-,Green,-,Green,-
02.06.2023,-,-,-,-,-,-,-,-,-,-,-,-,-,-,-,-,Green,-,Green,-,Green,-,Green,-
03.06.2023,-,-,-,-,-,-,-,-,-,-,-,-,-,-,-,-,Green,-,Green,-,Green,-,Red,-
04.06.2023,-,-,-,-,-,-,-,-,-,-,-,-,-,-,-,-,Green,-,Red,-,Green,-,Green,-
05.06.2023,-,-,-,-,-,-,-,-,-,-,-,-,-,-,-,-,Red,-,Red,-,Red,-,Green,-
06.06.2023,-,-,-,-,-,-,-,-,-,-,-,-,-,-,-,-,Green,-,Red,-,Red,-,Green,-
07.06.2023,-,-,-,-,-,-,-,-,-,-,-,-,-,-,-,-,Green,-,Red,-,Green,-,Green,-
08.06.2023,-,-,-,-,-,-,-,-,-,-,-,-,-,-,-,-,Green,-,Red,-,Green,-,Green,-
09.06.2023,-,-,-,-,-,-,-,-,-,-,-,-,-,-,-,-,Green,-,Red,-,Green,-,Green,-
10.06.2023,-,-,-,-,-,-,-,-,-,-,-,-,-,-,-,-,Red,-,Red,-,Green,-,Green,-
11.06.2023,-,-,-,-,-,-,-,-,-,-,-,-,-,-,-,-,Red,-,Red,-,Green,-,Green,-
12.06.2023,-,-,-,-,-,-,-,-,-,-,-,-,-,-,-,-,Red,-,Green,-,Red,-,Red,-
13.06.2023,-,-,-,-,-,-,-,-,-,-,-,-,-,-,-,-,Green,-,Red,-,Red,-,Green,-
14.06.2023,-,-,-,-,-,-,-,-,-,-,-,-,-,-,-,-,Red,-,Green,-,Green,-,Green,-
15.06.2023,-,-,-,-,-,-,-,-,-,-,-,-,-,-,-,-,Red,-,Red,-,Green,-,Green,-
16.06.2023,-,-,-,-,-,-,-,-,-,-,-,-,-,-,-,-,Red,-,Red,-,Green,-,Red,-
17.06.2023,-,-,-,-,-,-,-,-,-,-,-,-,-,-,-,-,Red,-,Red,-,Green,-,Green,-
18.06.2023,-,-,-,-,-,-,-,-,-,-,-,-,-,-,-,-,Green,-,Red,-,Green,-,Green,-
19.06.2023,-,-,-,-,-,-,-,-,-,-,-,-,-,-,-,-,Green,-,Red,-,Red,-,Green,-
20.06.2023,-,-,-,-,-,-,-,-,-,-,-,-,-,-,-,-,Green,-,Green,-,Green,-,Green,-
21.06.2023,-,-,-,-,-,-,-,-,-,-,-,-,-,-,-,-,Green,-,Green,-,Green,-,Red,-
22.06.2023,-,-,-,-,-,-,-,-,-,-,-,-,-,-,-,-,Green,-,Red,-,Green,-,Red,-
23.06.2023,-,-,-,-,-,-,-,-,-,-,-,-,-,-,-,-,Red,-,Red,-,Green,-,Green,-
24.06.2023,-,-,-,-,-,-,-,-,-,-,-,-,-,-,-,-,Red,-,Red,-,Green,-,Green,-
25.06.2023,-,-,-,-,-,-,-,-,-,-,-,-,-,-,-,-,Red,-,Red,-,Green,-,Green,-
26.06.2023,-,-,-,-,-,-,-,-,-,-,-,-,-,-,-,-,Red,-,Red,-,Green,-,Red,-
27.06.2023,-,-,-,-,-,-,-,-,-,-,-,-,-,-,-,-,Green,-,Green,-,Red,-,Green,-
05.07.2023,-,-,-,-,-,-,-,-,-,-,-,-,-,-,-,-,Green,-,Green,-,Green,-,Green,-
06.07.2023,-,-,-,-,-,-,-,-,-,-,-,-,-,-,-,-,Green,-,Red,-,Green,-,Green,-
27.07.2023,-,-,-,-,-,-,-,-,-,-,-,-,-,-,-,-,Red,-,Red,-,Red,-,Red,-
02.08.2023,-,-,-,-,-,-,-,-,-,-,-,-,-,-,-,-,Red,-,Red,-,Green,-,Red,-
05.08.2023,-,-,-,-,-,-,-,-,-,-,-,-,-,-,-,-,Red,-,Red,-,Green,-,Green,-
06.08.2023,-,-,-,-,-,-,-,-,-,-,-,-,-,-,-,-,Red,-,Green,-,Red,-,Green,-
07.08.2023,-,-,-,-,-,-,-,-,-,-,-,-,-,-,-,-,Green,-,Green,-,Green,-,Red,-
08.08.2023,-,-,-,-,-,-,-,-,-,-,-,-,-,-,-,-,Green,-,Green,-,Green,-,Green,-
14.08.2023,-,-,-,-,-,-,-,-,-,-,-,-,-,-,-,-,Green,-,Green,-,Green,-,Red,-
15.08.2023,-,-,-,-,-,-,-,-,-,-,-,-,-,-,-,-,Green,-,Green,-,Green,-,Green,-
16.08.2023,-,-,-,-,-,-,-,-,-,-,-,-,-,-,-,-,Green,-,Green,-,Green,-,Green,-
17.08.2023,-,-,-,-,-,-,-,-,-,-,-,-,-,-,-,-,Green,-,Green,-,Green,-,Green,-
18.08.2023,-,-,-,-,-,-,-,-,-,-,-,-,-,-,-,-,Green,-,Green,-,Green,-,Green,-
19.08.2023,-,-,-,-,-,-,-,-,-,-,-,-,-,-,-,-,Green,-,Green,-,Red,-,Green,-
20.08.2023,-,-,-,-,-,-,-,-,-,-,-,-,-,-,-,-,Green,-,Green,-,Green,-,Green,-
21.08.2023,-,-,-,-,-,-,-,-,-,-,-,-,-,-,-,-,Green,-,Green,-,Green,-,Red,-
22.08.2023,-,-,-,-,-,-,-,-,-,-,-,-,-,-,-,-,Green,-,Green,-,Green,-,Green,-
23.08.2023,-,-,-,-,-,-,-,-,-,-,-,-,-,-,-,-,Green,-,Green,-,Green,-,Red,-
24.08.2023,-,-,-,-,-,-,-,-,-,-,-,-,-,-,-,-,Green,-,Green,-,Red,-,Green,-
25.08.2023,-,-,-,-,-,-,-,-,-,-,-,-,-,-,-,-,Green,-,Green,-,Green,-,Red,-
26.08.2023,-,-,-,-,-,-,-,-,-,-,-,-,-,-,-,-,Green,-,Green,-,Red,-,Red,-
27.08.2023,-,-,-,-,-,-,-,-,-,-,-,-,-,-,-,-,Green,-,Green,-,Red,-,Red,-
28.08.2023,-,-,-,-,-,-,-,-,-,-,-,-,-,-,-,-,Green,-,Green,-,Green,-,Green,-
29.08.2023,-,-,-,-,-,-,-,-,-,-,-,-,-,-,-,-,Green,-,Green,-,Green,-,Green,-
30.08.2023,-,-,-,-,-,-,-,-,-,-,-,-,-,-,-,-,Green,-,Green,-,Green,-,Green,-
31.08.2023,-,-,-,-,-,-,-,-,-,-,-,-,-,-,-,-,Green,-,Green,-,Green,-,Red,-
01.09.2023,-,-,-,-,-,-,-,-,-,-,-,-,-,-,-,-,Green,-,Green,-,Red,-,Green,-
02.09.2023,-,-,-,-,-,-,-,-,-,-,-,-,-,-,-,-,Green,-,Red,-,Red,-,Green,-
03.09.2023,-,-,-,-,-,-,-,-,-,-,-,-,-,-,-,-,Green,-,Green,-,Green,-,Green,-
04.09.2023,-,-,-,-,-,-,-,-,-,-,-,-,-,-,-,-,Green,-,Green,-,Green,-,Red,-
05.09.2023,-,-,-,-,-,-,-,-,-,-,-,-,-,-,-,-,Green,-,Green,-,Green,-,Red,-
06.09.2023,-,-,-,-,-,-,-,-,-,-,-,-,-,-,-,-,Green,-,Red,-,Green,-,Green,-
07.09.2023,-,-,-,-,-,-,-,-,-,-,-,-,-,-,-,-,Green,-,Green,-,Green,-,Red,-
08.09.2023,-,-,-,-,-,-,-,-,-,-,-,-,-,-,-,-,Green,-,Green,-,Green,-,Green,-
09.09.2023,-,-,-,-,-,-,-,-,-,-,-,-,-,-,-,-,Green,-,Red,-,Red,-,Green,-
10.09.2023,-,-,-,-,-,-,-,-,-,-,-,-,-,-,-,-,Green,-,Red,-,Red,-,Red,-
11.09.2023,-,-,-,-,-,-,-,-,-,-,-,-,-,-,-,-,Green,-,Green,-,Green,-,Green,-
12.09.2023,-,-,-,-,-,-,-,-,-,-,-,-,-,-,-,-,Green,-,Green,-,Green,-,Red,-
13.09.2023,-,-,-,-,-,-,-,-,-,-,-,-,-,-,-,-,Green,-,Red,-,Green,-,Red,-
14.09.2023,-,-,-,-,-,-,-,-,-,-,-,-,-,-,-,-,Green,-,Red,-,Green,-,Red,-
15.09.2023,-,-,-,-,-,-,-,-,-,-,-,-,-,-,-,-,Green,-,Red,-,Green,-,Green,-
16.09.2023,-,-,-,-,-,-,-,-,-,-,-,-,-,-,-,-,Green,-,Red,-,Red,-,Green,-
17.09.2023,-,-,-,-,-,-,-,-,-,-,-,-,-,-,-,-,Green,-,Red,-,Red,-,Green,-
18.09.2023,-,-,-,-,-,-,-,-,-,-,-,-,-,-,-,-,Green,-,Red,-,Green,-,Green,-
19.09.2023,-,-,-,-,-,-,-,-,-,-,-,-,-,-,-,-,Green,-,Green,-,Green,-,Green,-
20.09.2023,-,-,-,-,-,-,-,-,-,-,-,-,-,-,-,-,Green,-,Red,-,Green,-,Green,-
21.09.2023,-,-,-,-,-,-,-,-,-,-,-,-,-,-,-,-,Red,-,Red,-,Green,-,Green,-
22.09.2023,-,-,-,-,-,-,-,-,-,-,-,-,-,-,-,-,Green,-,Green,-,Green,-,Red,-
23.09.2023,-,-,-,-,-,-,-,-,-,-,-,-,-,-,-,-,Green,-,Red,-,Green,-,Red,-
24.09.2023,-,-,-,-,-,-,-,-,-,-,-,-,-,-,-,-,Green,-,Red,-,Green,-,Red,-
25.09.2023,-,-,-,-,-,-,-,-,-,-,-,-,-,-,-,-,Green,-,Green,-,Green,-,Green,-
26.09.2023,-,-,-,-,-,-,-,-,-,-,-,-,-,-,-,-,Green,-,Red,-,Green,-,Green,-
27.09.2023,-,-,-,-,-,-,-,-,-,-,-,-,-,-,-,-,Green,-,Red,-,Red,"Вчера: пиво, ребрышки свиные, картошка фри",Red,-
28.09.2023,-,-,-,-,-,-,-,-,-,-,-,-,-,-,-,-,Green,-,Red,-,Green,-,Red,-
29.09.2023,-,-,-,-,-,-,-,-,-,-,-,-,-,-,-,-,Green,-,Red,-,Green,-,Green,-
30.09.2023,-,-,-,-,-,-,-,-,-,-,-,-,-,-,-,-,Green,-,Red,-,Green,-,Green,-
01.10.2023,-,-,-,-,-,-,-,-,-,-,-,-,-,-,-,-,Green,-,Red,-,Green,-,Green,-
02.10.2023,-,-,-,-,-,-,-,-,-,-,-,-,-,-,-,-,Green,-,Green,-,Red,-,Red,-
03.10.2023,-,-,-,-,-,-,-,-,-,-,-,-,-,-,-,-,Green,-,Red,-,Green,-,Green,-
04.10.2023,-,-,-,-,-,-,-,-,-,-,-,-,-,-,-,-,Green,-,Red,-,Green,-,Green,-
05.10.2023,-,-,-,-,-,-,-,-,-,-,-,-,-,-,-,-,Red,-,Green,-,Green,-,Green,-
06.10.2023,-,-,-,-,-,-,-,-,-,-,-,-,-,-,-,-,Green,-,Red,-,Green,-,Green,-
07.10.2023,-,-,-,-,-,-,-,-,-,-,-,-,-,-,-,-,Green,-,Red,-,Green,-,Green,-
08.10.2023,-,-,-,-,-,-,-,-,-,-,-,-,-,-,-,-,Green,-,Green,-,Green,-,Green,-
09.10.2023,-,-,-,-,-,-,-,-,-,-,-,-,-,-,-,-,Green,-,Green,-,Green,-,Green,-
10.10.2023,-,-,-,-,-,-,-,-,-,-,-,-,-,-,-,-,Green,-,Green,-,Green,-,Green,-
11.10.2023,-,-,-,-,-,-,-,-,-,-,-,-,-,-,-,-,Green,-,Red,-,Red,-,Green,-
12.10.2023,-,-,-,-,-,-,-,-,-,-,-,-,-,-,-,-,Green,-,Red,-,Green,-,Red,-
13.10.2023,-,-,-,-,-,-,-,-,-,-,-,-,-,-,-,-,Green,-,Red,-,Green,-,Red,-
14.10.2023,-,-,-,-,-,-,-,-,-,-,-,-,-,-,-,-,Green,-,Red,-,Green,-,Green,-
15.10.2023,-,-,-,-,-,-,-,-,-,-,-,-,-,-,-,-,Green,-,Red,-,Green,-,Green,-
16.10.2023,-,-,-,-,-,-,-,-,-,-,-,-,-,-,-,-,Green,-,Red,-,Green,-,Green,-
17.10.2023,-,-,-,-,-,-,-,-,-,-,-,-,-,-,-,-,Green,-,Red,-,Red,-,Red,-
18.10.2023,-,-,-,-,-,-,-,-,-,-,-,-,-,-,-,-,Red,-,Red,-,Green,-,Green,-
19.10.2023,-,-,-,-,-,-,-,-,-,-,-,-,-,-,-,-,Green,-,Red,-,Green,-,Green,-
20.10.2023,-,-,-,-,-,-,-,-,-,-,-,-,-,-,-,-,Green,-,Red,-,Green,-,Green,-
21.10.2023,-,-,-,-,-,-,-,-,-,-,-,-,-,-,-,-,Red,-,Red,-,Green,-,Green,-
22.10.2023,-,-,-,-,-,-,-,-,-,-,-,-,-,-,-,-,Red,-,Red,-,Green,-,Green,-
23.10.2023,-,-,-,-,-,-,-,-,-,-,-,-,-,-,-,-,Red,-,Red,-,Red,-,Green,-
24.10.2023,-,-,-,-,-,-,-,-,-,-,-,-,-,-,-,-,Red,-,Red,-,Green,-,Green,-
25.10.2023,-,-,-,-,-,-,-,-,-,-,-,-,-,-,-,-,Red,-,Red,-,Green,-,Green,-
26.10.2023,-,-,-,-,-,-,-,-,-,-,-,-,-,-,-,-,Red,-,Red,-,Green,-,Green,-
27.10.2023,-,-,-,-,-,-,-,-,-,-,-,-,-,-,-,-,Red,-,Red,-,Green,-,Green,-
28.10.2023,-,-,-,-,-,-,-,-,-,-,-,-,-,-,-,-,Red,-,Red,-,Green,-,Green,-
29.10.2023,-,-,-,-,-,-,-,-,-,-,-,-,-,-,-,-,Red,-,Red,-,Green,-,Green,-
30.10.2023,-,-,-,-,-,-,-,-,-,-,-,-,-,-,-,-,Red,-,Red,-,Green,-,Green,-
31.10.2023,-,-,-,-,-,-,-,-,-,-,-,-,-,-,-,-,Red,-,Red,-,Green,-,Green,-
01.11.2023,-,-,-,-,-,-,-,-,-,-,-,-,-,-,-,-,Red,-,Red,-,Green,-,Green,-
02.11.2023,-,-,-,-,-,-,-,-,-,-,-,-,-,-,-,-,Red,-,Red,-,Green,-,Green,-
03.11.2023,-,-,-,-,-,-,-,-,-,-,-,-,-,-,-,-,Red,-,Red,-,Red,-,Green,-
04.11.2023,-,-,-,-,-,-,-,-,-,-,-,-,-,-,-,-,Red,-,Red,-,Green,-,Red,-
05.11.2023,-,-,-,-,-,-,-,-,-,-,-,-,-,-,-,-,Red,-,Red,-,Green,-,Green,-
06.11.2023,-,-,-,-,-,-,-,-,-,-,-,-,-,-,-,-,Red,-,Red,-,Green,-,Green,-
07.11.2023,-,-,-,-,-,-,-,-,-,-,-,-,-,-,-,-,Red,-,Red,-,Green,-,Green,-
08.11.2023,-,-,-,-,-,-,-,-,-,-,-,-,-,-,-,-,Red,-,Red,-,Green,-,Green,-
09.11.2023,-,-,-,-,-,-,-,-,-,-,-,-,-,-,-,-,Red,-,Red,-,Green,-,Green,-
10.11.2023,-,-,-,-,-,-,-,-,-,-,-,-,-,-,-,-,Red,-,Red,-,Red,-,Green,-
11.11.2023,-,-,-,-,-,-,-,-,-,-,-,-,-,-,-,-,Red,-,Red,-,Green,-,Green,-
12.11.2023,-,-,-,-,-,-,-,-,-,-,-,-,-,-,-,-,Red,-,Red,-,Green,-,Green,-
13.11.2023,-,-,-,-,-,-,-,-,-,-,-,-,-,-,-,-,Red,-,Red,-,Green,-,Green,-
14.11.2023,-,-,-,-,-,-,-,-,-,-,-,-,-,-,-,-,Red,-,Red,-,Green,-,Green,-
15.11.2023,-,-,-,-,-,-,-,-,-,-,-,-,-,-,-,-,Red,-,Red,-,Red,-,Green,-
16.11.2023,-,-,-,-,-,-,-,-,-,-,-,-,-,-,-,-,Red,-,Red,-,Green,-,Green,-
17.11.2023,-,-,-,-,-,-,-,-,-,-,-,-,-,-,-,-,Red,-,Red,-,Green,-,Green,-
18.11.2023,-,-,-,-,-,-,-,-,-,-,-,-,-,-,-,-,Red,-,Red,-,Green,-,Green,-
19.11.2023,-,-,-,-,-,-,-,-,-,-,-,-,-,-,-,-,Red,-,Red,-,Green,-,Green,-
20.11.2023,-,-,-,-,-,-,-,-,-,-,-,-,-,-,-,-,Green,-,Red,-,Green,-,Green,-
21.11.2023,-,-,-,-,-,-,-,-,-,-,-,-,-,-,-,-,Green,-,Red,-,Green,-,Green,-
22.11.2023,-,-,-,-,-,-,-,-,-,-,-,-,-,-,-,-,Green,-,Red,-,Green,-,Green,-
23.11.2023,-,-,-,-,-,-,-,-,-,-,-,-,-,-,-,-,Green,-,Red,-,Green,-,Green,-
24.11.2023,-,-,-,-,-,-,-,-,-,-,-,-,-,-,-,-,Green,-,Green,-,Green,-,Green,-
25.11.2023,-,-,-,-,-,-,-,-,-,-,-,-,-,-,-,-,Red,-,Green,-,Green,-,Red,-
26.11.2023,-,-,-,-,-,-,-,-,-,-,-,-,-,-,-,-,Green,-,Green,-,Green,-,Green,-
27.11.2023,-,-,-,-,-,-,-,-,-,-,-,-,-,-,-,-,Green,-,Green,-,Green,-,Red,-
28.11.2023,-,-,-,-,-,-,-,-,-,-,-,-,-,-,-,-,Green,-,Green,-,Red,-,Green,-
29.11.2023,-,-,-,-,-,-,-,-,-,-,-,-,-,-,-,-,Green,-,Green,-,Green,-,Green,-
30.11.2023,-,-,-,-,-,-,-,-,-,-,-,-,-,-,-,-,Green,-,Green,-,Green,-,Green,-
01.12.2023,-,-,-,-,-,-,-,-,-,-,-,-,-,-,-,-,Green,-,Green,-,Green,-,Green,-
02.12.2023,-,-,-,-,-,-,-,-,-,-,-,-,-,-,-,-,Green,-,Green,-,Green,-,Red,-
03.12.2023,-,-,-,-,-,-,-,-,-,-,-,-,-,-,-,-,Green,-,Green,-,Green,-,Green,-
04.12.2023,-,-,-,-,-,-,-,-,-,-,-,-,-,-,-,-,Green,-,Green,-,Green,-,Green,-
05.12.2023,-,-,-,-,-,-,-,-,-,-,-,-,-,-,-,-,Green,-,Green,-,Green,-,Green,-
06.12.2023,-,-,-,-,-,-,-,-,-,-,-,-,-,-,-,-,Green,-,Green,-,Green,-,Green,-
07.12.2023,-,-,-,-,-,-,-,-,-,-,-,-,-,-,-,-,Green,-,Green,-,Green,-,Green,-
08.12.2023,-,-,-,-,-,-,-,-,-,-,-,-,-,-,-,-,Green,-,Red,-,Green,-,Red,-
09.12.2023,-,-,-,-,-,-,-,-,-,-,-,-,-,-,-,-,Green,-,Red,-,Green,-,Green,-
10.12.2023,-,-,-,-,-,-,-,-,-,-,-,-,-,-,-,-,Green,-,Green,-,Green,-,Red,-
11.12.2023,-,-,-,-,-,-,-,-,-,-,-,-,-,-,-,-,Green,-,Green,-,Green,-,Green,-
12.12.2023,-,-,-,-,-,-,-,-,-,-,-,-,-,-,-,-,Green,-,Red,-,Green,-,Green,-
13.12.2023,-,-,-,-,-,-,-,-,-,-,-,-,-,-,-,-,Green,-,Green,-,Green,-,Red,-
14.12.2023,-,-,-,-,-,-,-,-,-,-,-,-,-,-,-,-,Green,-,Green,-,Green,-,Green,-
15.12.2023,-,-,-,-,-,-,-,-,-,-,-,-,-,-,-,-,Green,-,Red,-,Green,-,Green,-
16.12.2023,-,-,-,-,-,-,-,-,-,-,-,-,-,-,-,-,Green,-,Green,-,Green,-,Green,-
17.12.2023,-,-,-,-,-,-,-,-,-,-,-,-,-,-,-,-,Green,-,Red,-,Green,-,Green,-
18.12.2023,-,-,-,-,-,-,-,-,-,-,-,-,-,-,-,-,Green,-,Red,-,Red,-,Green,-
19.12.2023,-,-,-,-,-,-,-,-,-,-,-,-,-,-,-,-,Green,-,Red,-,Green,-,Green,-
20.12.2023,-,-,-,-,-,-,-,-,-,-,-,-,-,-,-,-,Green,-,Red,-,Green,-,Green,-
21.12.2023,-,-,-,-,-,-,-,-,-,-,-,-,-,-,-,-,Green,-,Green,-,Green,-,Green,-
22.12.2023,-,-,-,-,-,-,-,-,-,-,-,-,-,-,-,-,Green,-,Green,-,Green,-,Red,-
23.12.2023,-,-,-,-,-,-,-,-,-,-,-,-,-,-,-,-,Green,-,Green,-,Green,-,Green,-
24.12.2023,-,-,-,-,-,-,-,-,-,-,-,-,-,-,-,-,Green,-,Red,-,Green,-,Green,-
25.12.2023,-,-,-,-,-,-,-,-,-,-,-,-,-,-,-,-,Green,-,Green,-,Red,-,Green,-
26.12.2023,-,-,-,-,-,-,-,-,-,-,-,-,-,-,-,-,Green,-,Red,-,Green,-,Green,-
27.12.2023,-,-,-,-,-,-,-,-,-,-,-,-,-,-,-,-,Green,-,Green,-,Green,-,Green,-
28.12.2023,-,-,-,-,-,-,-,-,-,-,-,-,-,-,-,-,Red,-,Green,-,Green,-,Green,-
29.12.2023,-,-,-,-,-,-,-,-,-,-,-,-,-,-,-,-,Red,-,Red,-,Green,-,Green,-
30.12.2023,-,-,-,-,-,-,-,-,-,-,-,-,-,-,-,-,Red,-,Red,-,Green,-,Green,-
31.12.2023,-,-,-,-,-,-,-,-,-,-,-,-,-,-,-,-,Red,-,Red,-,Green,-,Green,-
01.01.2024,-,-,-,-,-,-,-,-,-,-,-,-,-,-,-,-,Red,-,Red,-,Green,-,Green,-
02.01.2024,-,-,-,-,-,-,-,-,-,-,-,-,-,-,-,-,Red,-,Red,-,Green,-,Green,-
03.01.2024,-,-,-,-,-,-,-,-,-,-,-,-,-,-,-,-,Red,-,Red,-,Green,-,Green,-
04.01.2024,-,-,-,-,-,-,-,-,-,-,-,-,-,-,-,-,Red,-,Red,-,Green,-,Green,-
05.01.2024,-,-,-,-,-,-,-,-,-,-,-,-,-,-,-,-,Red,-,Red,-,Green,-,Green,-
06.01.2024,-,-,-,-,-,-,-,-,-,-,-,-,-,-,-,-,Red,-,Red,-,Green,-,Green,-
07.01.2024,-,-,-,-,-,-,-,-,-,-,-,-,-,-,-,-,Red,-,Red,-,Green,-,Green,-
08.01.2024,-,-,-,-,-,-,-,-,-,-,-,-,-,-,-,-,Red,-,Red,-,Red,-,Green,-
09.01.2024,-,-,-,-,-,-,-,-,-,-,-,-,-,-,-,-,Red,-,Red,-,Green,-,Green,-
10.01.2024,-,-,-,-,-,-,-,-,-,-,-,-,-,-,-,-,Red,-,Red,-,Green,-,Red,-
11.01.2024,-,-,-,-,-,-,-,-,-,-,-,-,-,-,-,-,Red,-,Red,-,Green,-,Green,-
12.01.2024,-,-,-,-,-,-,-,-,-,-,-,-,-,-,-,-,Red,-,Red,-,Green,-,Red,-
13.01.2024,-,-,-,-,-,-,-,-,-,-,-,-,-,-,-,-,Red,-,Red,-,Green,-,Green,-
14.01.2024,-,-,-,-,-,-,-,-,-,-,-,-,-,-,-,-,Red,-,Red,-,Green,-,Green,-
15.01.2024,-,-,-,-,-,-,-,-,-,-,-,-,-,-,-,-,Red,-,Red,-,Red,-,Green,-
16.01.2024,-,-,-,-,-,-,-,-,-,-,-,-,-,-,-,-,Red,-,Red,-,Green,-,Green,-
17.01.2024,-,-,-,-,-,-,-,-,-,-,-,-,-,-,-,-,Red,-,Red,-,Green,-,Green,-
18.01.2024,-,-,-,-,-,-,-,-,-,-,-,-,-,-,-,-,Red,-,Red,-,Green,-,Green,-
19.01.2024,-,-,-,-,-,-,-,-,-,-,-,-,-,-,-,-,Red,-,Red,-,Green,-,Green,-
20.01.2024,-,-,-,-,-,-,-,-,-,-,-,-,-,-,-,-,Red,-,Green,-,Green,-,Green,-
21.01.2024,-,-,-,-,-,-,-,-,-,-,-,-,-,-,-,-,Red,-,Red,-,Green,-,Green,-
22.01.2024,-,-,-,-,-,-,-,-,-,-,-,-,-,-,-,-,Red,-,Green,-,Red,-,Green,-
23.01.2024,-,-,-,-,-,-,-,-,-,-,-,-,-,-,-,-,Red,-,Red,-,Red,-,Red,-
24.01.2024,-,-,-,-,-,-,-,-,-,-,-,-,-,-,-,-,Red,-,Green,-,Green,-,Green,-
25.01.2024,-,-,-,-,-,-,-,-,-,-,-,-,-,-,-,-,Red,-,Red,-,Green,-,Red,-
26.01.2024,-,-,-,-,-,-,-,-,-,-,-,-,-,-,-,-,Red,-,Red,-,Green,-,Green,-
27.01.2024,-,-,-,-,-,-,-,-,-,-,-,-,-,-,-,-,Red,-,Red,-,Green,-,Green,-
28.01.2024,-,-,-,-,-,-,-,-,-,-,-,-,-,-,-,-,Red,-,Red,-,Green,-,Green,-
29.01.2024,-,-,-,-,-,-,-,-,-,-,-,-,-,-,-,-,Red,-,Red,-,Green,-,Green,-
30.01.2024,-,-,-,-,-,-,-,-,-,-,-,-,-,-,-,-,Red,-,Red,-,Red,-,Green,-
31.01.2024,-,-,-,-,-,-,-,-,-,-,-,-,-,-,-,-,Red,-,Red,-,Green,-,Green,-
01.02.2024,-,-,-,-,-,-,-,-,-,-,-,-,-,-,-,-,Red,-,Red,-,Green,-,Green,-
02.02.2024,-,-,-,-,-,-,-,-,-,-,-,-,-,-,-,-,Red,-,Red,-,Green,-,Green,-
03.02.2024,-,-,-,-,-,-,-,-,-,-,-,-,-,-,-,-,Red,-,Red,-,Green,-,Green,-
04.02.2024,-,-,-,-,-,-,-,-,-,-,-,-,-,-,-,-,Red,-,Green,-,Red,-,Green,-
05.02.2024,-,-,-,-,-,-,-,-,-,-,-,-,-,-,-,-,Red,-,Red,-,Green,-,Red,-
06.02.2024,-,-,-,-,-,-,-,-,-,-,-,-,-,-,-,-,Red,-,Red,-,Green,-,Green,-
07.02.2024,-,-,-,-,-,-,-,-,-,-,-,-,-,-,-,-,Red,-,Red,-,Green,-,Green,-
08.02.2024,-,-,-,-,-,-,-,-,-,-,-,-,-,-,-,-,Red,-,Red,-,Green,-,Green,-
09.02.2024,-,-,-,-,-,-,-,-,-,-,-,-,-,-,-,-,Red,-,Green,-,Green,-,Red,-
10.02.2024,-,-,-,-,-,-,-,-,-,-,-,-,-,-,-,-,Red,-,Red,-,Red,-,Green,-
11.02.2024,-,-,-,-,-,-,-,-,-,-,-,-,-,-,-,-,Red,-,Red,-,Green,-,Green,-
12.02.2024,-,-,-,-,-,-,-,-,-,-,-,-,-,-,-,-,Red,-,Red,-,Green,-,Green,-
13.02.2024,-,-,-,-,-,-,-,-,-,-,-,-,-,-,-,-,Red,-,Green,-,Green,-,Green,-
14.02.2024,-,-,-,-,-,-,-,-,-,-,-,-,-,-,-,-,Red,-,Red,-,Red,-,Green,-
15.02.2024,-,-,-,-,-,-,-,-,-,-,-,-,-,-,-,-,Red,-,Red,-,Green,-,Red,-
16.02.2024,-,-,-,-,-,-,-,-,-,-,-,-,-,-,-,-,Red,-,Red,-,Green,-,Green,-
17.02.2024,-,-,-,-,-,-,-,-,-,-,-,-,-,-,-,-,Red,-,Red,-,Green,-,Green,-
18.02.2024,-,-,-,-,-,-,-,-,-,-,-,-,-,-,-,-,Red,-,Red,-,Green,-,Green,-
19.02.2024,-,-,-,-,-,-,-,-,-,-,-,-,-,-,-,-,Red,-,Red,-,Red,-,Green,-
20.02.2024,-,-,-,-,-,-,-,-,-,-,-,-,-,-,-,-,Red,-,Green,-,Green,-,Green,-
21.02.2024,-,-,-,-,-,-,-,-,-,-,-,-,-,-,-,-,Red,-,Red,-,Green,-,Green,-
22.02.2024,-,-,-,-,-,-,-,-,-,-,-,-,-,-,-,-,Red,-,Red,-,Red,-,Green,-
23.02.2024,-,-,-,-,-,-,-,-,-,-,-,-,-,-,-,-,Green,-,Red,-,Green,-,Green,-
24.02.2024,-,-,-,-,-,-,-,-,-,-,-,-,-,-,-,-,Red,-,Red,-,Green,-,Green,-
25.02.2024,-,-,-,-,-,-,-,-,-,-,-,-,-,-,-,-,Green,-,Red,-,Green,-,Red,-
26.02.2024,-,-,-,-,-,-,-,-,-,-,-,-,-,-,-,-,Green,-,Green,-,Green,-,Green,-
27.02.2024,-,-,-,-,-,-,-,-,-,-,-,-,-,-,-,-,Green,-,Red,-,Red,-,Green,-
28.02.2024,-,-,-,-,-,-,-,-,-,-,-,-,-,-,-,-,Green,-,Green,-,Green,-,Red,-
29.02.2024,-,-,-,-,-,-,-,-,-,-,-,-,-,-,-,-,Green,-,Red,-,Green,-,Green,-
01.03.2024,-,-,-,-,-,-,-,-,-,-,-,-,-,-,-,-,Green,-,Red,-,Green,-,Green,-
02.03.2024,-,-,-,-,-,-,-,-,-,-,-,-,-,-,-,-,Green,-,Red,-,Red,-,Green,-
03.03.2024,-,-,-,-,-,-,-,-,-,-,-,-,-,-,-,-,Green,-,Red,-,Green,-,Green,-
04.03.2024,-,-,-,-,-,-,-,-,-,-,-,-,-,-,-,-,Green,-,Red,-,Green,-,Red,-
05.03.2024,-,-,-,-,-,-,-,-,-,-,-,-,-,-,-,-,Green,-,Red,-,Green,-,Green,-
06.03.2024,-,-,-,-,-,-,-,-,-,-,-,-,-,-,-,-,Green,-,Red,-,Green,-,Green,-
07.03.2024,-,-,-,-,-,-,-,-,-,-,-,-,-,-,-,-,Green,-,Green,-,Green,-,Green,-
08.03.2024,-,-,-,-,-,-,-,-,-,-,-,-,-,-,-,-,Red,-,Red,-,Red,-,Green,-
09.03.2024,-,-,-,-,-,-,-,-,-,-,-,-,-,-,-,-,Red,-,Red,-,Green,-,Green,-
10.03.2024,-,-,-,-,-,-,-,-,-,-,-,-,-,-,-,-,Red,-,Red,-,Green,-,Green,-
11.03.2024,-,-,-,-,-,-,-,-,-,-,-,-,-,-,-,-,Green,-,Red,-,Green,-,Red,-
12.03.2024,-,-,-,-,-,-,-,-,-,-,-,-,-,-,-,-,Red,-,Red,-,Green,-,Red,-
13.03.2024,-,-,-,-,-,-,-,-,-,-,-,-,-,-,-,-,Green,-,Red,-,Green,-,Red,-
14.03.2024,-,-,-,-,-,-,-,-,-,-,-,-,-,-,-,-,Red,-,Green,-,Green,-,Green,-
15.03.2024,-,-,-,-,-,-,-,-,-,-,-,-,-,-,-,-,Red,-,Red,-,Green,-,Green,-
16.03.2024,-,-,-,-,-,-,-,-,-,-,-,-,-,-,-,-,Red,-,Red,-,Green,-,Green,-
17.03.2024,-,-,-,-,-,-,-,-,-,-,-,-,-,-,-,-,Red,-,Red,-,Red,-,Green,-
18.03.2024,-,-,-,-,-,-,-,-,-,-,-,-,-,-,-,-,Red,-,Red,-,Green,-,Green,-
19.03.2024,-,-,-,-,-,-,-,-,-,-,-,-,-,-,-,-,Red,-,Green,-,Green,-,Green,-
20.03.2024,-,-,-,-,-,-,-,-,-,-,-,-,-,-,-,-,Red,-,Green,-,Green,-,Green,-
21.03.2024,-,-,-,-,-,-,-,-,-,-,-,-,-,-,-,-,Red,-,Red,-,Green,-,Green,-
22.03.2024,-,-,-,-,-,-,-,-,-,-,-,-,-,-,-,-,Red,-,Red,-,Green,-,Green,-
23.03.2024,-,-,-,-,-,-,-,-,-,-,-,-,-,-,-,-,Red,-,Red,-,Green,-,Green,-
24.03.2024,-,-,-,-,-,-,-,-,-,-,-,-,-,-,-,-,Red,-,Red,-,Green,-,Green,-
25.03.2024,-,-,-,-,-,-,-,-,-,-,-,-,-,-,-,-,Red,-,Red,-,Red,-,Green,-
26.03.2024,-,-,-,-,-,-,-,-,-,-,-,-,-,-,-,-,Red,-,Red,-,Green,-,Green,-
27.03.2024,-,-,-,-,-,-,-,-,-,-,-,-,-,-,-,-,Red,-,Red,-,Green,-,Green,-
28.03.2024,-,-,-,-,-,-,-,-,-,-,-,-,-,-,-,-,Red,-,Red,-,Green,-,Green,-
29.03.2024,-,-,-,-,-,-,-,-,-,-,-,-,-,-,-,-,Red,-,Red,-,Green,-,Red,-
30.03.2024,-,-,-,-,-,-,-,-,-,-,-,-,-,-,-,-,Red,-,Green,-,Green,-,Red,-
31.03.2024,-,-,-,-,-,-,-,-,-,-,-,-,-,-,-,-,Red,-,Green,-,Green,-,Green,-
01.04.2024,-,-,-,-,-,-,-,-,-,-,-,-,-,-,-,-,Green,-,Green,-,Green,-,Red,-
02.04.2024,-,-,-,-,-,-,-,-,-,-,-,-,-,-,-,-,Red,-,Green,-,Green,-,Red,-
03.04.2024,-,-,-,-,-,-,-,-,-,-,-,-,-,-,-,-,Green,-,Green,-,Green,-,Green,-
04.04.2024,-,-,-,-,-,-,-,-,-,-,-,-,-,-,-,-,Red,-,Green,-,Red,-,Green,-
05.04.2024,-,-,-,-,-,-,-,-,-,-,-,-,-,-,-,-,Green,-,Green,-,Green,-,Red,-
06.04.2024,-,-,-,-,-,-,-,-,-,-,-,-,-,-,-,-,Green,-,Green,-,Green,-,Red,-
07.04.2024,-,-,-,-,-,-,-,-,-,-,-,-,-,-,-,-,Green,-,Green,-,Green,-,Red,-
08.04.2024,-,-,-,-,-,-,-,-,-,-,-,-,-,-,-,-,Green,-,Green,-,Green,-,Red,-
09.04.2024,-,-,-,-,-,-,-,-,-,-,-,-,-,-,-,-,Red,-,Green,-,Green,-,Green,-
10.04.2024,-,-,-,-,-,-,-,-,-,-,-,-,-,-,-,-,Green,-,Green,-,Green,-,Red,-
11.04.2024,-,-,-,-,-,-,-,-,-,-,-,-,-,-,-,-,Red,-,Green,-,Green,-,Green,-
12.04.2024,-,-,-,-,-,-,-,-,-,-,-,-,-,-,-,-,Green,-,Green,-,Green,-,Red,-
13.04.2024,-,-,-,-,-,-,-,-,-,-,-,-,-,-,-,-,Red,-,Green,-,Green,-,Green,-
14.04.2024,-,-,-,-,-,-,-,-,-,-,-,-,-,-,-,-,Green,-,Green,-,Green,-,Red,-
15.04.2024,-,-,-,-,-,-,-,-,-,-,-,-,-,-,-,-,Green,-,Green,-,Red,-,Red,-
16.04.2024,-,-,-,-,-,-,-,-,-,-,-,-,-,-,-,-,Green,-,Green,-,Green,-,Red,-
17.04.2024,-,-,-,-,-,-,-,-,-,-,-,-,-,-,-,-,Green,-,Green,-,Green,-,Green,-
18.04.2024,-,-,-,-,-,-,-,-,-,-,Green,-,Green,-,Green,-,Red,-,Green,-,Green,-,Red,-
19.04.2024,-,-,-,-,-,-,Green,-,Red,-,Green,-,Green,-,Green,-,Green,-,Green,-,Green,-,Green,-
20.04.2024,-,-,-,-,-,-,Green,-,Red,-,Green,-,Red,-,Green,-,Green,-,Green,-,Green,-,Red,-
21.04.2024,-,-,-,-,-,-,Green,-,Green,-,Green,-,Green,-,Green,-,Green,-,Green,-,Green,-,Green,-
22.04.2024,-,-,-,-,-,-,Green,-,Green,-,Green,-,Green,-,Green,-,Green,-,Green,-,Red,-,Green,-
23.04.2024,-,-,-,-,-,-,Green,-,Green,-,Green,-,Green,-,Green,-,Green,-,Green,-,Red,-,Red,-
24.04.2024,-,-,-,-,-,-,Green,-,Green,-,Green,-,Green,-,Green,-,Green,-,Green,-,Green,-,Green,-
25.04.2024,-,-,-,-,-,-,Green,-,Green,-,Green,-,Green,-,Green,-,Green,-,Green,-,Green,-,Green,-
26.04.2024,-,-,-,-,-,-,Green,-,Green,-,Green,-,Green,-,Green,-,Green,-,Green,-,Green,-,Green,-
27.04.2024,-,-,-,-,-,-,Green,-,Green,-,Green,-,Green,-,Green,-,Green,-,Green,-,Green,-,Red,-
28.04.2024,-,-,-,-,-,-,Red,-,Red,-,Red,-,Red,-,Green,-,Red,-,Green,-,Green,-,Green,-
29.04.2024,-,-,-,-,-,-,Green,-,Green,-,Green,-,Green,-,Green,-,Green,-,Green,-,Green,-,Red,-
30.04.2024,-,-,-,-,-,-,Green,-,Green,-,Green,-,Green,-,Green,-,Red,-,Green,-,Green,-,Red,-
01.05.2024,-,-,-,-,-,-,Green,-,Green,-,Green,-,Green,-,Green,-,Red,-,Green,-,Green,-,Green,-
02.05.2024,-,-,-,-,-,-,Green,-,Green,-,Green,-,Green,-,Green,-,Red,-,Green,-,Red,-,Green,-
03.05.2024,-,-,-,-,-,-,Green,-,Green,-,Green,-,Green,-,Green,-,Red,-,Green,-,Green,-,Green,-
04.05.2024,-,-,-,-,-,-,Red,-,Red,-,Red,-,Red,-,Red,-,Red,-,Red,-,Green,-,Green,-
05.05.2024,-,-,-,-,-,-,Red,-,Red,-,Green,-,Red,-,Green,-,Red,-,Red,-,Green,-,Green,-
06.05.2024,-,-,-,-,-,-,Red,-,Red,-,Green,-,Red,-,Green,-,Red,-,Red,-,Green,-,Green,-
07.05.2024,-,-,-,-,-,-,Red,-,Red,-,Green,-,Red,-,Green,-,Red,-,Red,-,Green,-,Green,-
08.05.2024,-,-,-,-,-,-,Green,-,Red,-,Green,-,Red,-,Red,-,Red,-,Red,-,Green,-,Green,-
09.05.2024,-,-,-,-,-,-,Green,-,Red,-,Green,-,Red,-,Green,-,Red,-,Red,-,Red,-,Green,-
10.05.2024,-,-,-,-,-,-,Green,-,Red,-,Red,-,Green,-,Red,-,Red,-,Red,-,Green,-,Green,-
11.05.2024,-,-,-,-,-,-,Red,-,Red,-,Green,-,Green,-,Green,-,Red,-,Red,-,Green,-,Green,-
12.05.2024,-,-,-,-,-,-,Green,-,Red,-,Green,-,Red,-,Green,-,Red,-,Red,-,Green,-,Green,-
13.05.2024,-,-,-,-,-,-,Red,-,Red,-,Green,-,Green,-,Red,-,Red,-,Red,-,Green,-,Red,-
14.05.2024,-,-,-,-,-,-,Red,-,Red,-,Green,-,Green,-,Green,-,Red,-,Red,-,Green,-,Red,-
15.05.2024,-,-,-,-,-,-,Green,-,Green,-,Green,-,Green,-,Green,-,Green,-,Green,-,Red,-,Green,-
16.05.2024,-,-,-,-,-,-,Red,-,Red,-,Green,-,Green,-,Green,-,Green,-,Red,-,Green,-,Green,-
17.05.2024,-,-,-,-,-,-,Green,-,Green,-,Green,-,Green,-,Green,-,Red,-,Green,-,Green,-,Green,-
18.05.2024,-,-,-,-,-,-,Red,-,Red,-,Green,-,Green,-,Red,-,Red,-,Red,-,Green,-,Green,-
19.05.2024,-,-,-,-,-,-,Red,-,Green,-,Green,-,Green,-,Green,-,Red,-,Red,-,Green,-,Green,-
20.05.2024,-,-,-,-,-,-,Green,-,Red,-,Green,-,Red,-,Green,-,Red,-,Red,-,Green,-,Red,-
21.05.2024,-,-,-,-,-,-,Green,-,Red,-,Green,-,Red,-,Green,-,Red,-,Green,-,Green,-,Green,-
22.05.2024,-,-,-,-,-,-,Green,-,Red,-,Green,-,Red,-,Green,-,Red,-,Red,-,Green,-,Green,-
23.05.2024,-,-,-,-,-,-,Green,-,Green,-,Green,-,Red,-,Red,-,Red,-,Green,-,Red,-,Green,-
24.05.2024,-,-,-,-,-,-,Red,-,Red,-,Red,-,Red,-,Green,-,Red,-,Red,-,Green,-,Green,-
25.05.2024,-,-,-,-,-,-,Red,-,Red,-,Green,-,Red,-,Red,-,Red,-,Red,-,Green,-,Green,-
26.05.2024,-,-,-,-,-,-,Green,-,Green,-,Green,-,Green,-,Red,-,Red,-,Red,-,Green,-,Green,-
27.05.2024,-,-,-,-,-,-,Green,-,Green,-,Green,-,Green,-,Red,-,Red,-,Red,-,Green,-,Green,-
28.05.2024,-,-,-,-,-,-,Red,-,Red,-,Green,-,Red,-,Green,-,Red,-,Green,-,Green,-,Green,-
29.05.2024,-,-,-,-,-,-,Green,-,Red,-,Green,-,Red,-,Red,-,Red,-,Red,-,Green,-,Green,-
30.05.2024,-,-,-,-,-,-,Green,-,Red,-,Green,-,Red,-,Green,-,Red,-,Red,-,Red,-,Green,-
31.05.2024,-,-,-,-,-,-,Red,-,Red,-,Green,-,Red,-,Red,-,Red,-,Red,-,Green,-,Green,-
01.06.2024,-,-,-,-,-,-,Red,-,Red,-,Green,-,Red,-,Red,-,Red,-,Red,-,Green,-,Green,-
02.06.2024,-,-,-,-,-,-,Red,-,Green,-,Red,-,Green,-,Green,-,Red,-,Green,-,Green,-,Green,-
03.06.2024,-,-,-,-,-,-,Green,-,Red,-,Green,-,Red,-,Green,-,Red,-,Red,-,Green,-,Green,-
04.06.2024,-,-,-,-,-,-,Green,-,Red,-,Green,-,Red,-,Green,-,Red,-,Red,-,Green,-,Green,-
05.06.2024,-,-,-,-,-,-,Red,-,Red,-,Green,-,Red,-,Red,-,Red,-,Red,-,Green,-,Green,-
06.06.2024,-,-,-,-,-,-,Green,-,Red,-,Green,-,Red,-,Green,-,Red,-,Red,-,Red,-,Green,-
07.06.2024,-,-,-,-,-,-,Green,-,Red,-,Green,-,Red,-,Green,-,Red,-,Red,-,Green,-,Green,-
08.06.2024,-,-,-,-,-,-,Red,-,Red,-,Red,-,Red,-,Green,-,Red,-,Red,-,Green,-,Green,-
09.06.2024,-,-,-,-,-,-,Green,-,Red,-,Red,-,Red,-,Green,-,Red,-,Red,-,Green,-,Green,-
10.06.2024,-,-,-,-,-,-,Green,-,Red,-,Green,-,Red,-,Green,-,Red,-,Green,-,Green,-,Green,-
11.06.2024,-,-,-,-,-,-,Red,-,Red,-,Green,-,Red,-,Green,-,Red,-,Red,-,Green,-,Green,-
12.06.2024,-,-,-,-,-,-,Red,-,Red,-,Green,-,Red,-,Red,-,Red,-,Red,-,Green,-,Green,-
13.06.2024,-,-,-,-,-,-,Red,-,Red,-,Green,-,Red,-,Red,-,Red,-,Red,-,Red,-,Green,-
14.06.2024,-,-,-,-,-,-,Red,-,Red,-,Green,-,Red,-,Red,-,Red,-,Red,-,Green,-,Green,-
15.06.2024,-,-,-,-,-,-,Red,-,Red,-,Green,-,Red,-,Red,-,Red,-,Red,-,Green,-,Green,-
16.06.2024,-,-,-,-,-,-,Red,-,Red,-,Green,-,Red,-,Red,-,Red,-,Red,-,Green,-,Green,-
17.06.2024,-,-,-,-,-,-,Red,-,Red,-,Green,-,Red,-,Red,-,Red,-,Red,-,Green,-,Green,-
18.06.2024,-,-,-,-,-,-,Red,-,Red,-,Green,-,Red,-,Red,-,Red,-,Red,-,Green,-,Green,-
19.06.2024,-,-,-,-,-,-,Red,-,Red,-,Red,-,Red,-,Red,-,Red,-,Red,-,Red,-,Red,-
20.06.2024,-,-,-,-,-,-,Green,-,Red,-,Green,-,Red,-,Green,-,Green,-,Green,-,Green,-,Red,-
21.06.2024,-,-,-,-,-,-,Red,-,Red,-,Red,-,Red,-,Green,-,Green,-,Green,-,Green,-,Green,-
22.06.2024,-,-,-,-,-,-,Red,-,Red,-,Green,-,Green,-,Red,-,Green,-,Green,-,Green,-,Red,-
23.06.2024,-,-,-,-,-,-,Red,-,Green,-,Red,-,Red,-,Green,-,Green,-,Green,-,Green,-,Red,-
24.06.2024,-,-,-,-,-,-,Red,-,Green,-,Green,-,Red,-,Red,-,Green,-,Green,-,Green,-,Green,-
25.06.2024,-,-,-,-,-,-,Red,-,Green,-,Green,-,Green,-,Red,-,Green,-,Green,-,Green,-,Green,-
26.06.2024,-,-,-,-,-,-,Green,-,Green,-,Green,-,Red,-,Red,-,Green,-,Green,-,Green,-,Red,-
27.06.2024,-,-,-,-,-,-,Red,-,Green,-,Green,-,Red,-,Green,-,Green,-,Green,-,Green,-,Green,-
28.06.2024,-,-,-,-,-,-,Green,-,Red,-,Green,-,Red,-,Green,-,Green,-,Green,-,Green,-,Green,-
29.06.2024,-,-,-,-,-,-,Green,-,Red,-,Green,-,Red,-,Green,-,Green,-,Green,-,Red,-,Green,-
30.06.2024,-,-,-,-,-,-,Green,-,Red,-,Green,-,Red,-,Red,-,Green,-,Green,-,Green,-,Green,-
01.07.2024,-,-,-,-,-,-,Green,-,Green,-,Green,-,Red,-,Green,-,Green,-,Green,-,Green,-,Green,-
02.07.2024,-,-,-,-,-,-,Red,-,Green,-,Red,-,Red,-,Red,-,Green,-,Green,-,Green,-,Green,-
03.07.2024,-,-,-,-,-,-,Green,-,Red,-,Green,-,Red,-,Red,-,Green,-,Green,-,Green,-,Green,-
04.07.2024,-,-,-,-,-,-,Green,-,Red,-,Green,-,Red,-,Red,-,Green,-,Green,-,Green,-,Green,-
05.07.2024,-,-,-,-,-,-,Red,-,Red,-,Green,-,Red,-,Red,-,Green,-,Green,-,Green,-,Green,-
06.07.2024,-,-,-,-,-,-,Red,-,Green,-,Green,-,Red,-,Green,-,Green,-,Green,-,Green,-,Red,-
07.07.2024,-,-,-,-,-,-,Red,-,Red,-,Green,-,Red,-,Red,-,Green,-,Green,-,Green,-,Green,-
08.07.2024,-,-,-,-,-,-,Green,-,Red,-,Green,-,Green,-,Green,-,Green,-,Green,-,Green,-,Green,-
09.07.2024,-,-,-,-,-,-,Green,-,Red,-,Green,-,Green,-,Green,-,Green,-,Green,-,Green,-,Green,-
10.07.2024,-,-,-,-,-,-,Green,-,Red,-,Green,-,Green,-,Green,-,Green,-,Green,-,Green,-,Green,-
11.07.2024,-,-,-,-,-,-,Green,-,Red,-,Green,-,Green,-,Green,-,Green,-,Green,-,Green,-,Green,-
12.07.2024,-,-,-,-,-,-,Green,-,Red,-,Green,-,Red,-,Green,-,Green,-,Green,-,Green,-,Green,-
13.07.2024,-,-,-,-,-,-,Green,-,Red,-,Green,-,Red,-,Green,-,Green,-,Green,-,Green,-,Green,-
14.07.2024,-,-,-,-,-,-,Green,-,Red,-,Green,-,Green,-,Green,-,Green,-,Green,-,Red,-,Red,-
15.07.2024,-,-,-,-,-,-,Green,-,Red,-,Green,-,Red,-,Red,-,Green,-,Green,-,Green,-,Green,-
16.07.2024,-,-,-,-,-,-,Green,-,Red,-,Green,-,Green,-,Green,-,Green,-,Green,-,Green,-,Green,-
17.07.2024,-,-,-,-,-,-,Green,-,Red,-,Green,-,Green,-,Green,-,Green,-,Green,-,Green,-,Green,-
18.07.2024,-,-,-,-,-,-,Green,-,Green,-,Green,-,Red,-,Green,-,Green,-,Green,-,Green,-,Green,-
19.07.2024,-,-,-,-,-,-,Red,-,Green,-,Green,-,Red,-,Red,-,Green,-,Green,-,Green,-,Red,-
20.07.2024,-,-,-,-,-,-,Green,-,Red,-,Green,-,Red,-,Green,-,Green,-,Green,-,Red,-,Green,-
21.07.2024,-,-,-,-,-,-,Green,-,Green,-,Green,-,Green,-,Green,-,Green,-,Green,-,Green,-,Green,-
22.07.2024,-,-,-,-,-,-,Green,-,Green,-,Green,-,Green,-,Green,-,Green,-,Green,-,Green,-,Red,-
23.07.2024,-,-,-,-,-,-,Green,-,Green,-,Green,-,Green,-,Green,-,Green,-,Green,-,Green,-,Green,-
24.07.2024,-,-,-,-,-,-,Green,-,Red,-,Green,-,Red,-,Green,-,Green,-,Green,-,Green,-,Green,-
25.07.2024,-,-,-,-,-,-,Green,-,Red,-,Green,-,Green,-,Green,-,Green,-,Green,-,Green,-,Red,-
26.07.2024,-,-,-,-,-,-,Red,-,Green,-,Green,-,Red,-,Green,-,Green,-,Green,-,Green,-,Green,-
27.07.2024,-,-,-,-,-,-,Green,-,Green,-,Green,-,Red,-,Green,-,Green,-,Green,-,Green,-,Green,-
28.07.2024,-,-,-,-,-,-,Green,-,Green,-,Green,-,Green,-,Green,-,Green,-,Green,-,Green,-,Green,-
29.07.2024,-,-,-,-,-,-,Green,-,Red,-,Green,-,Green,-,Green,-,Green,-,Green,-,Red,-,Green,-
30.07.2024,-,-,-,-,-,-,Green,-,Red,-,Green,-,Red,-,Red,-,Green,-,Green,-,Green,-,Green,-
31.07.2024,-,-,-,-,-,-,Green,-,Red,-,Green,-,Red,-,Green,-,Green,-,Green,-,Green,-,Green,-
01.08.2024,-,-,-,-,-,-,Green,-,Red,-,Green,-,Red,-,Green,-,Green,-,Green,-,Green,-,Red,-
02.08.2024,-,-,-,-,-,-,Red,-,Red,-,Green,-,Red,-,Green,-,Green,-,Green,-,Green,-,Green,-
03.08.2024,-,-,-,-,-,-,Green,-,Green,-,Green,-,Red,-,Red,-,Green,-,Green,-,Green,-,Red,-
04.08.2024,-,-,-,-,-,-,Red,-,Green,-,Green,-,Red,-,Green,-,Green,-,Green,-,Green,-,Green,-
05.08.2024,-,-,-,-,-,-,Green,-,Red,-,Green,-,Green,-,Green,-,Green,-,Red,-,Red,-,Red,-
06.08.2024,-,-,-,-,-,-,Green,-,Red,-,Green,-,Green,-,Green,-,Green,-,Red,-,Green,-,Green,-
07.08.2024,-,-,-,-,-,-,Green,-,Red,-,Green,-,Red,-,Red,-,Green,-,Green,-,Green,-,Green,-
08.08.2024,-,-,-,-,-,-,Green,-,Green,-,Green,-,Red,-,Red,-,Green,-,Green,-,Green,-,Green,-
09.08.2024,-,-,-,-,-,-,Green,-,Red,-,Green,-,Red,-,Red,-,Green,-,Green,-,Green,-,Green,-
10.08.2024,-,-,-,-,-,-,Green,-,Green,-,Green,-,Green,-,Green,-,Green,-,Red,-,Green,-,Green,-
11.08.2024,-,-,-,-,-,-,Red,-,Red,-,Green,-,Red,-,Green,-,Green,-,Red,-,Green,-,Green,-
12.08.2024,-,-,-,-,-,-,Green,-,Red,-,Green,-,Red,-,Green,-,Green,-,Green,-,Red,-,Green,-
13.08.2024,-,-,-,-,-,-,Red,-,Red,-,Red,-,Red,-,Green,-,Green,-,Green,-,Green,-,Red,-
14.08.2024,-,-,-,-,-,-,Green,-,Green,-,Green,-,Red,-,Red,-,Green,-,Green,-,Green,-,Green,-
15.08.2024,-,-,-,-,-,-,Green,-,Red,-,Red,-,Red,-,Green,-,Green,-,Green,-,Green,-,Green,-
16.08.2024,-,-,-,-,-,-,Green,-,Green,-,Green,-,Green,-,Green,-,Green,-,Red,-,Green,-,Green,-
17.08.2024,-,-,-,-,-,-,Green,-,Green,-,Red,-,Red,-,Red,-,Green,-,Green,-,Green,-,Green,-
18.08.2024,-,-,-,-,-,-,Red,-,Red,-,Green,-,Green,-,Green,-,Green,-,Red,-,Green,-,Green,-
19.08.2024,-,-,-,-,-,-,Green,-,Green,-,Red,-,Red,-,Green,-,Green,-,Green,-,Green,-,Green,-
20.08.2024,-,-,-,-,-,-,Green,-,Red,-,Green,-,Red,-,Green,-,Green,-,Green,-,Red,-,Green,-
21.08.2024,-,-,-,-,-,-,Green,-,Red,-,Green,-,Red,-,Green,-,Green,-,Green,-,Green,-,Red,-
22.08.2024,-,-,-,-,-,-,Red,-,Red,-,Red,-,Red,-,Green,-,Green,-,Red,-,Green,-,Green,-
23.08.2024,-,-,-,-,-,-,Green,-,Green,-,Green,-,Green,-,Green,-,Green,-,Red,-,Green,-,Green,-
24.08.2024,-,-,-,-,-,-,Green,-,Red,-,Green,-,Red,-,Green,-,Green,-,Red,-,Red,-,Green,-
25.08.2024,-,-,-,-,-,-,Red,-,Red,-,Red,-,Red,-,Green,-,Green,-,Green,-,Green,-,Green,-
26.08.2024,-,-,-,-,-,-,Red,-,Red,-,Green,-,Red,-,Red,-,Green,-,Red,-,Green,-,Green,-
27.08.2024,-,-,-,-,-,-,Green,-,Red,-,Red,-,Red,-,Red,-,Green,-,Red,-,Green,-,Red,-
28.08.2024,-,-,-,-,-,-,Red,-,Red,-,Green,-,Red,-,Green,-,Green,-,Red,-,Green,-,Green,-
29.08.2024,-,-,-,-,-,-,Green,-,Green,-,Green,-,Red,-,Red,-,Green,-,Red,-,Green,-,Green,-
30.08.2024,-,-,-,-,-,-,Red,-,Red,-,Green,-,Green,-,Green,-,Green,-,Green,-,Green,-,Green,-
31.08.2024,-,-,-,-,-,-,Red,-,Red,-,Red,-,Red,-,Green,-,Green,-,Red,-,Green,-,Green,-
01.09.2024,-,-,-,-,-,-,Red,-,Red,-,Green,-,Green,-,Green,-,Green,-,Red,-,Green,-,Green,-
02.09.2024,-,-,-,-,-,-,Green,-,Green,-,Green,-,Red,-,Green,-,Green,-,Red,-,Green,-,Green,-
03.09.2024,-,-,-,-,-,-,Green,-,Green,-,Green,-,Red,-,Red,-,Green,-,Red,-,Green,-,Green,-
04.09.2024,-,-,-,-,-,-,Green,-,Red,-,Green,-,Green,-,Green,-,Green,-,Red,-,Green,-,Green,-
05.09.2024,-,-,-,-,-,-,Green,-,Red,-,Green,-,Green,-,Green,-,Green,-,Red,-,Green,-,Green,-
06.09.2024,-,-,-,-,-,-,Green,-,Red,-,Green,-,Green,-,Red,-,Green,-,Red,-,Green,-,Red,-
07.09.2024,-,-,-,-,-,-,Green,-,Red,-,Green,-,Red,-,Red,-,Green,-,Red,-,Red,-,Green,-
08.09.2024,-,-,-,-,-,-,Green,-,Red,-,Green,-,Red,-,Green,-,Green,-,Red,-,Green,-,Green,-
09.09.2024,-,-,-,-,-,-,Green,-,Red,-,Green,-,Red,-,Red,-,Green,-,Red,-,Green,-,Green,-
10.09.2024,-,-,-,-,-,-,Green,-,Red,-,Green,-,Red,-,Green,-,Green,-,Red,-,Green,-,Green,-
11.09.2024,-,-,-,-,-,-,Red,-,Red,-,Green,-,Green,-,Green,-,Green,-,Red,-,Green,-,Green,-
12.09.2024,-,-,-,-,-,-,Red,-,Green,-,Green,-,Red,-,Green,-,Green,-,Red,-,Green,-,Green,-
13.09.2024,-,-,-,-,-,-,Green,-,Red,-,Green,-,Green,-,Green,-,Green,-,Red,-,Green,-,Red,-
14.09.2024,-,-,-,-,-,-,Green,-,Green,-,Red,-,Green,-,Green,-,Green,-,Red,-,Green,-,Green,-
15.09.2024,-,-,-,-,-,-,Green,-,Red,-,Green,-,Green,-,Green,-,Green,-,Red,-,Red,-,Green,-
16.09.2024,-,-,-,-,-,-,Green,-,Red,-,Red,-,Green,-,Green,-,Green,-,Green,-,Green,-,Green,-
17.09.2024,-,-,-,-,-,-,Green,-,Green,-,Green,-,Green,-,Green,-,Green,-,Green,-,Green,-,Green,-
18.09.2024,-,-,-,-,-,-,Green,-,Red,-,Green,-,Green,-,Green,-,Green,-,Red,-,Green,-,Green,-
19.09.2024,-,-,-,-,-,-,Red,-,Green,-,Red,-,Green,-,Green,-,Green,-,Red,-,Green,-,Green,-
20.09.2024,-,-,-,-,-,-,Green,-,Red,-,Green,-,Red,-,Green,-,Green,-,Red,-,Green,-,Green,-
21.09.2024,-,-,-,-,-,-,Green,-,Red,-,Green,-,Green,-,Green,-,Green,-,Red,-,Red,-,Green,-
22.09.2024,-,-,-,-,-,-,Red,-,Green,-,Green,-,Red,-,Green,-,Green,-,Red,-,Green,-,Green,-
23.09.2024,-,-,-,-,-,-,Red,-,Red,-,Red,-,Red,-,Green,-,Green,-,Red,-,Green,-,Green,-
24.09.2024,-,-,-,-,-,-,Red,-,Red,-,Red,-,Red,-,Green,-,Green,-,Red,-,Green,-,Green,-
25.09.2024,-,-,-,-,-,-,Green,-,Red,-,Green,-,Green,-,Green,-,Green,-,Red,-,Green,-,Green,-
26.09.2024,-,-,-,-,-,-,Green,-,Red,-,Red,-,Green,-,Green,-,Green,-,Red,-,Green,-,Green,-
27.09.2024,-,-,-,-,-,-,Green,-,Green,-,Green,-,Green,-,Red,-,Green,-,Red,-,Green,-,Red,-
28.09.2024,-,-,-,-,-,-,Red,-,Red,-,Green,-,Red,-,Green,-,Green,-,Red,-,Green,-,Green,-
29.09.2024,-,-,-,-,-,-,Green,-,Red,-,Green,-,Red,-,Red,-,Red,-,Red,-,Red,-,Green,-
30.09.2024,-,-,-,-,-,-,Green,-,Red,-,Green,-,Red,-,Green,-,Red,-,Red,-,Red,-,Green,-
01.10.2024,-,-,-,-,-,-,Green,-,Green,-,Green,-,Red,-,Green,-,Red,-,Red,-,Green,-,Green,-
02.10.2024,-,-,-,-,-,-,Green,-,Red,-,Green,-,Red,-,Green,-,Green,-,Red,-,Green,-,Green,-
03.10.2024,-,-,-,-,-,-,Red,-,Red,-,Green,-,Red,-,Green,-,Green,-,Red,-,Green,-,Green,-
04.10.2024,-,-,-,-,-,-,Red,-,Green,-,Green,-,Red,-,Green,-,Green,-,Red,-,Green,-,Green,-
05.10.2024,-,-,-,-,-,-,Red,-,Red,-,Green,-,Red,-,Green,-,Green,-,Red,-,Green,-,Green,-
06.10.2024,-,-,-,-,-,-,Red,-,Red,-,Green,-,Red,-,Green,-,Red,-,Red,-,Green,-,Green,-
07.10.2024,-,-,-,-,-,-,Green,-,Red,-,Red,-,Green,-,Green,-,Green,-,Red,-,Green,-,Green,-
08.10.2024,-,-,-,-,-,-,Green,-,Red,-,Green,-,Green,-,Green,-,Green,-,Red,-,Green,-,Green,-
09.10.2024,-,-,-,-,-,-,Green,-,Green,-,Green,-,Green,-,Red,-,Green,-,Red,-,Green,-,Red,-
10.10.2024,-,-,-,-,-,-,Green,-,Green,-,Green,-,Green,-,Green,-,Red,-,Red,-,Green,-,Red,-
11.10.2024,-,-,-,-,-,-,Red,-,Red,-,Green,-,Red,-,Green,-,Red,-,Green,-,Green,-,Green,-
12.10.2024,-,-,-,-,-,-,Green,-,Red,-,Green,-,Green,-,Green,-,Red,-,Red,-,Red,-,Green,-
13.10.2024,-,-,-,-,-,-,Green,-,Red,-,Green,-,Green,-,Red,-,Red,-,Red,-,Green,-,Red,-
14.10.2024,-,-,-,-,-,-,Green,-,Red,-,Green,-,Green,-,Red,-,Green,-,Red,-,Green,-,Green,-
15.10.2024,-,-,-,-,-,-,Green,-,Red,-,Red,-,Red,-,Green,-,Red,-,Green,-,Green,-,Red,-
16.10.2024,-,-,-,-,-,-,Green,-,Red,-,Green,-,Green,-,Green,-,Red,-,Red,-,Green,-,Green,-
17.10.2024,-,-,-,-,-,-,Green,-,Red,-,Green,-,Green,-,Green,-,Red,-,Red,-,Green,-,Green,-
18.10.2024,-,-,-,-,-,-,Green,-,Red,-,Green,-,Green,-,Red,-,Red,-,Red,-,Green,-,Green,-
19.10.2024,-,-,-,-,-,-,Green,-,Red,-,Green,-,Green,-,Red,-,Red,-,Red,-,Green,-,Green,-
20.10.2024,-,-,-,-,-,-,Green,-,Red,-,Green,-,Green,-,Green,-,Red,-,Red,-,Red,-,Green,-
21.10.2024,-,-,-,-,-,-,-,-,-,-,-,-,-,-,-,-,Red,-,Red,-,Green,-,Green,-
22.10.2024,-,-,-,-,-,-,-,-,-,-,-,-,-,-,-,-,Red,-,Red,-,Green,-,Green,-
23.10.2024,-,-,-,-,-,-,-,-,-,-,-,-,-,-,-,-,Red,-,Red,-,Green,-,Green,-
24.10.2024,-,-,-,-,-,-,-,-,-,-,-,-,-,-,-,-,Red,-,Red,-,Green,-,Green,-
25.10.2024,-,-,-,-,-,-,-,-,-,-,-,-,-,-,-,-,Red,-,Red,-,Green,-,Green,-
26.10.2024,-,-,-,-,-,-,-,-,-,-,-,-,-,-,-,-,Red,-,Red,-,Green,-,Green,-
27.10.2024,-,-,-,-,-,-,-,-,-,-,-,-,-,-,-,-,Red,-,Red,-,Green,-,Green,-
28.10.2024,-,-,-,-,-,-,-,-,-,-,-,-,-,-,-,-,Red,-,Red,-,Red,-,Green,-
29.10.2024,-,-,-,-,-,-,-,-,-,-,-,-,-,-,-,-,Red,-,Red,-,Green,-,Green,-
30.10.2024,-,-,-,-,-,-,-,-,-,-,-,-,-,-,-,-,Red,-,Red,-,Green,-,Green,-
31.10.2024,-,-,-,-,-,-,-,-,-,-,-,-,-,-,-,-,Red,-,Red,-,Green,-,Green,-
01.11.2024,-,-,-,-,-,-,-,-,-,-,-,-,-,-,-,-,Red,-,Red,-,Green,-,Green,-
02.11.2024,-,-,-,-,-,-,-,-,-,-,-,-,-,-,-,-,Red,-,Red,-,Green,-,Green,-
03.11.2024,-,-,-,-,-,-,-,-,-,-,-,-,-,-,-,-,Red,-,Red,-,Green,-,Green,-
04.11.2024,-,-,-,-,-,-,Green,-,Red,-,Green,-,Green,-,Red,-,Red,-,Red,-,Green,-,Red,-
05.11.2024,-,-,-,-,-,-,Red,-,Red,-,Green,-,Red,-,Green,-,Green,-,Red,-,Green,-,Red,-
06.11.2024,-,-,-,-,-,-,Green,-,Red,-,Green,-,Green,-,Green,-,Green,-,Red,-,Green,-,Green,-
07.11.2024,-,-,-,-,-,-,Red,-,Red,-,Green,-,Red,-,Green,-,Green,-,Red,-,Green,-,Red,-
08.11.2024,-,-,-,-,-,-,Red,-,Red,-,Green,-,Red,-,Red,-,Green,-,Red,-,Green,-,Green,-
09.11.2024,-,-,-,-,-,-,Green,-,Red,-,Green,-,Green,-,Green,-,Green,-,Red,-,Green,-,Green,-
10.11.2024,-,-,-,-,-,-,Green,-,Green,-,Green,-,Green,-,Green,-,Green,-,Red,-,Red,-,Green,-
11.11.2024,-,-,-,-,-,-,Green,-,Red,-,-,-,Green,-,Green,-,Green,-,Green,-,Green,-,Green,-
12.11.2024,-,-,-,-,-,-,Green,-,Red,-,-,-,Red,-,Green,-,Green,-,Green,-,Green,-,Green,-
13.11.2024,-,-,-,-,-,-,Green,-,Red,-,-,-,Red,-,Green,-,Green,-,Green,-,Green,-,Green,-
14.11.2024,-,-,-,-,-,-,Red,-,Red,-,-,-,Red,-,Red,-,Green,-,Green,-,Green,-,Green,-
15.11.2024,-,-,-,-,-,-,Green,-,Red,-,-,-,Red,-,Red,-,Green,-,Green,-,Green,-,Green,-
16.11.2024,-,-,-,-,-,-,Red,-,Red,-,Red,-,Green,-,Green,-,Green,-,Red,-,Green,-,Green,-
17.11.2024,-,-,-,-,-,-,Green,-,Red,-,Red,-,Red,-,Green,-,Green,-,Green,-,Green,-,Red,-
18.11.2024,-,-,-,-,-,-,Green,-,Red,-,Green,-,Red,-,Green,-,Green,-,Green,-,Green,-,Green,-
19.11.2024,-,-,-,-,-,-,Green,-,Red,-,Green,-,Green,-,Green,-,Green,-,Red,-,Green,-,Green,-
20.11.2024,-,-,-,-,-,-,Green,-,Red,-,Green,-,Red,-,Green,-,Green,-,Red,-,Green,-,Green,-
21.11.2024,-,-,-,-,-,-,Red,-,Red,-,Green,-,Red,-,Green,-,Green,-,Green,-,Red,-,Red,-
22.11.2024,-,-,-,-,-,-,Red,-,Red,-,Green,-,Green,-,Green,-,Green,-,Red,-,Green,-,Green,-
23.11.2024,-,-,-,-,-,-,Red,-,Red,-,Green,-,Green,-,Green,-,Green,-,Green,-,Green,-,Red,-
24.11.2024,-,-,-,-,-,-,Green,-,Green,-,Green,-,Green,-,Green,-,Green,-,Green,-,Green,-,Green,-
25.11.2024,-,-,-,-,-,-,Green,-,Red,-,Green,-,Green,-,Red,-,Green,-,Green,-,Green,-,Green,-
26.11.2024,-,-,-,-,-,-,Green,-,Red,-,Green,-,Green,-,Red,-,Green,-,Red,-,Green,-,Green,-
27.11.2024,-,-,-,-,-,-,Green,-,Red,-,Green,-,Green,-,Red,-,Green,-,Green,-,Green,-,Green,-
28.11.2024,-,-,-,-,-,-,Green,-,Red,-,Green,-,Red,-,Green,-,Green,-,Red,-,Green,-,Red,-
29.11.2024,-,-,-,-,-,-,Green,-,Red,-,Green,-,Red,-,Green,-,Green,-,Red,-,Green,-,Green,-
30.11.2024,-,-,-,-,-,-,Green,-,Green,-,Green,-,Red,-,Green,-,Green,-,Red,-,Green,-,Red,-
01.12.2024,-,-,-,-,-,-,Green,-,Red,-,Green,-,Red,-,Red,-,Green,-,Red,-,Green,-,Green,-
02.12.2024,-,-,-,-,-,-,Green,-,Red,-,Green,-,Red,-,Green,-,Green,-,Red,-,Red,-,Green,-
03.12.2024,-,-,-,-,-,-,Green,-,Red,-,Green,-,Red,-,Green,-,Green,-,Red,-,Green,-,Green,-
04.12.2024,-,-,-,-,-,-,Red,-,Red,-,Green,-,Red,-,Green,-,Green,-,Red,-,Green,-,Green,-
05.12.2024,-,-,-,-,-,-,Red,-,Red,-,Green,-,Red,-,Green,-,Green,-,Red,-,Green,-,Red,-
06.12.2024,-,-,-,-,-,-,Green,-,Red,-,Green,-,Red,-,Green,-,Green,-,Red,-,Green,-,Green,-
07.12.2024,-,-,-,-,-,-,Green,-,Red,-,Green,-,Red,-,Green,-,Green,-,Green,-,Red,-,Green,-
08.12.2024,-,-,-,-,-,-,Green,-,Red,-,Green,-,Green,-,Green,-,Green,-,Green,-,Green,-,Green,-
09.12.2024,-,-,-,-,-,-,Green,-,Red,-,Green,-,Red,-,Red,-,Green,-,Green,-,Green,-,Red,-
10.12.2024,-,-,-,-,-,-,Green,-,Red,-,Red,-,Red,-,Green,-,Green,-,Red,-,Green,-,Green,-
11.12.2024,-,-,-,-,-,-,Green,-,Red,-,Green,-,Green,-,Red,-,Green,-,Red,-,Green,-,Green,-
12.12.2024,-,-,-,-,-,-,Red,-,Red,-,Green,-,Green,-,Red,-,Green,-,Red,-,Green,-,Red,-
13.12.2024,-,-,-,-,-,-,Green,-,Red,-,Green,-,Green,-,Green,-,Green,-,Red,-,Green,-,Green,-
14.12.2024,-,-,-,-,-,-,Green,-,Green,-,Red,-,Red,-,Green,-,Green,-,Red,-,Green,-,Green,-
15.12.2024,-,-,-,-,-,-,Green,-,Green,-,Green,-,Red,-,Red,-,Green,-,Red,-,Green,-,Green,-
16.12.2024,-,-,-,-,-,-,Green,-,Red,-,Green,-,Green,-,Green,-,Green,-,Red,-,Green,-,Green,-
17.12.2024,-,-,-,-,-,-,Green,-,Red,-,Green,-,Green,-,Red,-,Green,-,Red,-,Green,-,Green,-
18.12.2024,-,-,-,-,-,-,Red,-,Red,-,Green,-,Green,-,Green,-,Green,-,Red,-,Green,-,Green,-
19.12.2024,-,-,-,-,-,-,Red,-,Red,-,Red,-,Green,-,Green,-,Green,-,Red,-,Green,-,Green,-
20.12.2024,-,-,-,-,-,-,Green,-,Red,-,Red,-,Green,-,Green,-,Green,-,Red,-,Green,-,Green,-
21.12.2024,-,-,-,-,-,-,Green,-,Red,-,Green,-,Green,-,Green,-,Green,-,Red,-,Green,-,Green,-
22.12.2024,-,-,-,-,-,-,Red,-,Red,-,Green,-,Green,-,Red,-,Green,-,Red,-,Green,-,Green,-
23.12.2024,-,-,-,-,-,-,Green,-,Red,-,Green,-,Green,-,Green,-,Green,-,Red,-,Green,-,Green,-
24.12.2024,-,-,-,-,-,-,Green,-,Red,-,Green,-,Green,-,Green,-,Green,-,Red,-,Green,-,Red,-
25.12.2024,-,-,-,-,-,-,Green,-,Red,-,Green,-,Green,-,Green,-,Green,-,Red,-,Green,-,Green,-
26.12.2024,-,-,-,-,-,-,Green,-,Red,-,Green,-,Green,-,Green,-,Green,-,Red,-,Green,-,Green,-
27.12.2024,-,-,-,-,-,-,Red,-,Red,-,Green,-,Green,-,Green,-,Green,-,Red,-,Green,-,Green,-
28.12.2024,-,-,-,-,-,-,Green,-,Red,-,Green,-,Green,-,Green,-,Green,-,Red,-,Green,-,Green,-
29.12.2024,-,-,-,-,-,-,Green,-,Red,-,Green,-,Green,-,Red,-,Green,-,Red,-,Green,-,Green,-
30.12.2024,-,-,-,-,-,-,Green,-,Red,-,Green,-,Green,-,Green,-,Green,-,Red,-,Red,-,Red,-
31.12.2024,-,-,-,-,-,-,Green,-,Red,-,Red,-,Green,-,Green,-,Green,-,Green,-,Green,-,Green,-
01.01.2025,-,-,-,-,-,-,Green,-,Green,-,Green,-,Green,-,Red,-,Green,-,Green,-,Green,-,Green,-
02.01.2025,-,-,-,-,-,-,Green,-,Green,-,Green,-,Green,-,Green,-,Green,-,Green,-,Red,-,Red,-
03.01.2025,-,-,-,-,-,-,Green,-,Green,-,Green,-,Green,-,Green,-,Green,-,Green,-,Green,-,Green,-
04.01.2025,-,-,-,-,-,-,Green,-,Green,-,Green,-,Green,-,Green,-,Green,-,Green,-,Green,-,Green,-
05.01.2025,-,-,-,-,-,-,Green,-,Red,-,Green,-,Green,-,Red,-,Green,-,Green,-,Green,-,Green,-
06.01.2025,Red,-,Red,-,Red,-,Green,-,Red,-,Green,-,Green,-,Red,-,Green,-,Green,-,Green,-,Green,-
07.01.2025,Red,-,Red,-,Red,-,Green,-,Red,-,Green,-,Red,-,Green,-,Green,-,Green,-,Green,-,Green,-
08.01.2025,Red,-,Red,-,Red,-,Green,-,Red,-,Green,-,Green,-,Green,-,Green,-,Green,-,Green,-,Red,-
09.01.2025,Red,-,Red,-,Red,-,Green,-,Red,-,Green,-,Green,-,Green,-,Green,-,Green,-,Green,-,Green,-
10.01.2025,Red,-,Red,-,Red,-,Green,-,Red,-,Green,-,Green,-,Green,-,Green,-,Green,-,Red,-,Red,-
11.01.2025,Red,-,Red,-,Red,-,Red,-,Red,-,Green,-,Red,-,Red,-,Green,-,Green,-,Green,-,Green,-
12.01.2025,Red,-,Red,-,Red,-,Green,-,Red,-,Green,-,Green,-,Red,-,Green,-,Green,-,Green,-,Green,-
13.01.2025,Red,-,Green,-,Red,-,Green,-,Red,-,Green,-,Red,-,Green,-,Green,-,Green,-,Green,-,Green,-
14.01.2025,Red,-,Red,-,Red,-,Red,-,Red,-,Green,-,Red,-,Green,-,Green,-,Green,-,Green,-,Red,-
15.01.2025,Red,-,Red,-,Red,-,Red,-,Red,-,Green,-,Red,-,Green,-,Green,-,Green,-,Green,-,Green,-
16.01.2025,Red,-,Green,-,Red,-,Green,-,Red,-,Green,-,Green,-,Green,-,Green,-,Green,-,Green,-,Red,-
17.01.2025,Red,-,Red,-,Red,-,Red,-,Red,-,Green,-,Green,-,Red,-,Green,-,Green,-,Red,-,Red,-
18.01.2025,Red,-,Red,-,Red,-,Red,-,Red,-,Green,-,Green,-,Green,-,Green,-,Green,-,Green,-,Green,-
19.01.2025,Red,-,Green,-,Red,-,Green,-,Green,-,Green,-,Green,-,Green,-,Green,-,Green,-,Green,-,Green,-
20.01.2025,Red,-,Red,-,Red,-,Green,-,Red,-,Green,-,Red,-,Red,-,Green,-,Green,-,Green,-,Green,-
21.01.2025,Green,-,Green,-,Red,-,Green,-,Red,-,Red,-,Green,-,Green,-,Green,-,Green,-,Green,-,Green,-
22.01.2025,Red,-,Green,-,Green,-,Green,-,Green,-,Green,-,Green,-,Green,-,Green,-,Green,-,Green,-,Green,-
23.01.2025,Red,-,Green,-,Red,-,Green,-,Green,-,Green,-,Green,-,Green,-,Green,-,Green,-,Green,-,Green,-
24.01.2025,Red,-,Green,-,Red,-,Green,-,Green,-,Green,-,Red,-,Green,-,Green,-,Green,-,Green,-,Green,-
25.01.2025,Red,-,Green,-,Green,-,Green,-,Green,-,Green,-,Green,-,Red,-,Green,-,Green,-,Green,-,Green,-
26.01.2025,Red,-,Green,-,Red,-,Green,-,Green,-,Green,-,Green,-,Red,-,Green,-,Green,-,Green,-,Red,-
27.01.2025,Red,-,Green,-,Red,-,Green,-,Red,-,Red,-,Red,-,Green,-,Green,-,Green,-,Green,-,Green,-
28.01.2025,Red,-,Red,-,Red,-,Green,-,Red,-,Green,-,Red,-,Red,-,Green,-,Green,-,Red,-,Green,-
29.01.2025,Red,-,Red,-,Red,-,Green,-,Green,-,Green,-,Green,-,Red,-,Green,-,Green,-,Green,-,Red,-
30.01.2025,Red,-,Green,-,Red,-,Green,-,Red,-,Green,-,Green,-,Green,-,Green,-,Green,-,Green,-,Green,-
31.01.2025,Red,-,Green,-,Red,-,Green,-,Red,-,Green,-,Red,-,Green,-,Green,-,Green,-,Red,-,Green,-
01.02.2025,Red,-,Red,-,Red,-,Red,-,Red,-,Green,-,Red,-,Green,-,Green,-,Green,-,Green,-,Red,-
02.02.2025,Red,-,Red,-,Red,-,Red,-,Red,-,Green,-,Red,-,Red,-,Green,-,Green,-,Green,-,Green,-
03.02.2025,Red,-,Red,-,Red,-,Red,-,Red,-,Green,-,Red,-,Green,-,Green,-,Green,-,Green,-,Green,-
04.02.2025,Red,-,Red,-,Red,-,Red,-,Red,-,Green,-,Red,-,Green,-,Green,-,Green,-,Green,-,Red,-
05.02.2025,Red,-,Green,-,Red,-,Green,-,Green,-,Red,-,Green,-,Green,-,Green,-,Red,-,Red,-,Green,-
06.02.2025,Red,-,Green,-,Red,-,Green,-,Red,-,Green,-,Red,-,Green,-,Green,-,Red,-,Red,-,Green,-
07.02.2025,Red,-,Green,-,Red,-,Green,-,Red,-,Green,-,Red,-,Green,-,Green,-,Green,-,Green,-,Green,-
08.02.2025,Red,-,Red,-,Red,-,Red,-,Red,-,Red,-,Red,-,Green,-,Green,-,Red,-,Green,-,Green,-
09.02.2025,Red,-,Green,-,Red,-,Green,-,Red,-,Green,-,Red,-,Green,-,Green,-,Red,-,Green,-,Green,-
10.02.2025,Green,-,Green,-,Red,-,Green,-,Red,-,Green,-,Green,-,Green,-,Green,-,Green,-,Green,-,Green,-
11.02.2025,Green,-,Green,-,Red,-,Green,-,Red,-,Green,-,Green,-,Green,-,Green,-,Red,-,Red,-,Green,-
12.02.2025,Red,-,Red,-,Red,-,Red,-,Red,-,Green,-,Red,-,Green,-,Green,-,Green,-,Red,-,Green,-
13.02.2025,Red,-,Red,-,Red,-,Red,-,Red,-,Green,-,Green,-,Green,-,Green,-,Red,-,Green,-,Green,-
14.02.2025,Red,-,Red,-,Red,-,Red,-,Red,-,Green,-,Green,-,Green,-,Green,-,Red,-,Green,-,Green,-
15.02.2025,Red,-,Red,-,Red,-,Red,-,Red,-,Green,-,Red,-,Green,-,Green,-,Red,-,Green,-,Green,-
16.02.2025,Red,-,Green,-,Red,-,Green,-,Red,-,Green,-,Red,-,Green,-,Green,-,Red,-,Green,-,Green,-
17.02.2025,Green,-,Red,-,Red,-,Green,-,Red,-,Green,-,Green,-,Green,-,Green,-,Red,-,Green,-,Green,-
18.02.2025,Red,-,Green,-,Red,-,Green,-,Red,-,Green,-,Red,-,Green,-,Green,-,Red,-,Green,-,Red,-
19.02.2025,Red,-,Green,-,Red,-,Green,-,Red,-,Green,-,Red,-,Green,-,Green,-,Red,-,Green,-,Green,-
20.02.2025,Red,-,Green,-,Red,-,Green,-,Red,-,Green,-,Red,-,Green,-,Green,-,Red,-,Green,-,Green,-
21.02.2025,Red,-,Green,-,Red,-,Green,-,Red,-,Green,-,Red,-,Green,-,Green,-,Red,-,Green,-,Green,-
22.02.2025,Red,-,Red,-,Red,-,Red,-,Red,-,Green,-,Red,-,Red,-,Green,-,Red,-,Green,-,Red,-
23.02.2025,Red,-,Red,-,Red,-,Red,-,Red,-,Green,-,Red,-,Red,-,Green,-,Red,-,Green,-,Green,-
24.02.2025,Red,-,Red,-,Red,-,Red,-,Red,-,Green,-,Red,-,Green,-,Green,-,Red,-,Green,-,Green,-
25.02.2025,Green,-,Green,-,Red,-,Green,-,Red,-,Green,-,Green,-,Green,-,Green,-,Red,-,Red,-,Green,-
26.02.2025,Green,-,Red,-,Green,-,Red,-,Green,-,Red,-,Green,-,Green,-,Green,-,Red,-,Green,-,Green,-
27.02.2025,Red,-,Red,-,Red,-,Red,-,Red,-,Red,-,Red,-,Green,-,Green,-,Red,-,Green,-,Green,-
28.02.2025,Green,-,Red,-,Green,-,Green,-,Green,-,Green,-,Green,-,Green,-,Green,-,Red,-,Green,-,Green,-
01.03.2025,Green,-,Red,-,Red,-,Red,-,Red,-,Red,-,Green,-,Green,-,Green,-,Green,-,Green,-,Green,-
02.03.2025,Green,-,Green,-,Red,-,Green,-,Red,-,Green,-,Green,-,Green,-,Green,-,Red,-,Green,-,Red,-
03.03.2025,Red,-,Green,-,Red,-,Green,-,Red,-,Green,-,Red,-,Red,-,Green,-,Red,-,Green,-,Green,-
04.03.2025,Red,-,Green,-,Red,-,Green,-,Green,-,Green,-,Green,-,Green,-,Green,-,Red,-,Green,-,Green,-
05.03.2025,Red,-,Green,-,Red,-,Green,-,Red,-,Green,-,Red,-,Green,-,Green,-,Green,-,Green,-,Green,-
06.03.2025,Green,-,Green,-,Red,-,Green,-,Red,-,Green,-,Green,-,Green,-,Green,-,Red,-,Red,-,Green,-
07.03.2025,Green,-,Green,-,Red,-,Green,-,Red,-,Green,-,Green,-,Green,-,Green,-,Green,-,Green,-,Green,-
08.03.2025,Red,-,Green,-,Red,-,Green,-,Red,-,Red,-,Red,-,Red,-,Green,-,Red,-,Green,-,Green,-
09.03.2025,Red,-,Red,-,Red,-,Red,-,Red,-,Green,-,Red,-,Green,-,Green,-,Red,-,Green,-,Green,-
10.03.2025,Green,-,Red,-,Red,-,Red,-,Red,-,Green,-,Red,-,Green,-,Green,-,Red,-,Green,-,Green,-
11.03.2025,Green,-,Green,-,Red,-,Green,-,Red,-,Red,-,Green,-,Green,-,Green,-,Red,-,Green,-,Red,-
12.03.2025,Red,-,Green,-,Red,-,Green,-,Red,-,Green,-,Red,-,Green,-,Green,-,Red,-,Green,-,Red,-
13.03.2025,Green,-,Green,-,Red,-,Green,-,Red,-,Green,-,Green,-,Green,-,Green,-,Green,-,Red,-,Green,-
14.03.2025,Red,-,Red,-,Red,-,Red,-,Red,-,Green,-,Red,-,Red,-,Green,-,Red,-,Green,-,Green,-
15.03.2025,Red,-,Red,-,Red,-,Red,-,Red,-,Green,-,Red,-,Red,-,Green,-,Red,-,Green,-,Green,-
16.03.2025,Red,-,Red,-,Red,-,Red,-,Red,-,Red,-,Red,-,Red,-,Green,-,Red,-,Green,-,Green,-
17.03.2025,Red,-,Red,-,Red,-,Red,-,Red,-,Green,-,Red,-,Red,-,Green,-,Red,-,Green,-,Green,-
18.03.2025,Red,-,Green,-,Red,-,Green,-,Red,-,Green,-,Red,-,Green,-,Green,-,Red,-,Green,-,Green,-
19.03.2025,Green,-,Green,-,Red,-,Green,-,Red,-,Green,-,Green,-,Green,-,Green,-,Green,-,Green,-,Green,-
20.03.2025,Red,-,Green,-,Red,-,Green,-,Red,-,Red,-,Green,-,Green,-,Green,-,Green,-,Green,-,Red,-
21.03.2025,Green,-,Green,-,Red,-,Green,-,Red,-,Red,-,Green,-,Green,-,Green,-,Red,-,Green,-,Green,-
22.03.2025,Red,-,Green,-,Red,-,Green,-,Red,-,Green,-,Green,-,Red,-,Green,-,Red,-,Green,-,Green,-
23.03.2025,Red,-,Green,-,Green,-,Green,-,Green,-,Green,-,Green,-,Green,-,Green,-,Green,-,Red,-,Green,-
24.03.2025,Green,-,Red,-,Red,-,Red,-,Red,-,Red,-,Green,-,Green,-,Green,-,Red,-,Green,-,Red,-
25.03.2025,Red,-,Red,-,Red,-,Red,-,Red,-,Green,-,Red,-,Green,-,Green,-,Red,-,Green,-,Red,-
26.03.2025,Green,-,Green,-,Red,-,Green,-,Red,-,Green,-,Green,-,Green,-,Green,-,Green,-,Green,-,Red,-
27.03.2025,Red,-,Green,-,Red,-,Green,-,Red,-,Green,-,Red,-,Red,-,Green,-,Red,-,Green,-,Green,-
28.03.2025,Green,-,Green,-,Red,-,Green,-,Red,-,Green,-,Green,-,Green,-,Green,-,Red,-,Red,-,Green,-
29.03.2025,Red,-,Green,-,Red,-,Green,-,Red,-,Red,-,Red,-,Red,-,Green,-,Red,-,Green,-,Green,-
30.03.2025,Red,-,Green,-,Red,-,Green,-,Red,-,Green,-,Red,-,Green,-,Green,-,Red,-,Green,-,Green,-
31.03.2025,Red,-,Green,-,Red,-,Green,-,Red,-,Green,-,Red,-,Green,-,Green,-,Red,-,Green,-,Green,-
01.04.2025,Red,-,Green,-,Red,-,Green,-,Red,-,Green,-,Red,-,Green,-,Green,-,Red,-,Green,-,Green,-
02.04.2025,Red,-,Green,-,Red,-,Green,-,Red,-,Red,-,Red,-,Green,-,Green,-,Red,-,Green,-,Green,-
03.04.2025,Red,-,Red,-,Red,-,Red,-,Red,-,Green,-,Red,-,Green,-,Green,-,Red,-,Green,-,Green,-
04.04.2025,Green,-,Green,-,Green,-,Green,-,Green,-,Green,-,Green,-,Green,-,Green,-,Green,-,Red,-,Green,-
05.04.2025,Green,-,Green,-,Red,-,Green,-,Red,-,Green,-,Green,-,Green,-,Green,-,Green,-,Green,-,Green,-
06.04.2025,Green,-,Green,-,Red,-,Green,-,Red,-,Green,-,Green,-,Green,-,Green,-,Green,-,Green,-,Green,-
07.04.2025,Green,-,Green,-,Red,-,Green,-,Red,-,Green,-,Green,-,Green,-,Green,-,Green,-,Green,-,Green,-
08.04.2025,Green,-,Green,-,Red,-,Green,-,Red,-,Green,-,Green,-,Green,-,Green,-,Green,-,Green,-,Red,-
09.04.2025,Green,-,Green,-,Red,-,Green,-,Red,-,Green,-,Green,-,Green,-,Green,-,Green,-,Green,-,Red,-
10.04.2025,Red,-,Green,-,Red,-,Green,-,Red,-,Green,-,Green,-,Green,-,Green,-,Green,-,Green,-,Green,-
11.04.2025,Green,-,Green,-,Red,-,Green,-,Red,-,Green,-,Green,-,Green,-,Green,-,Red,-,Green,-,Red,-
12.04.2025,Red,-,Green,-,Red,-,Green,-,Red,-,Green,-,Green,-,Green,-,Green,-,Green,-,Green,-,Red,-
13.04.2025,Red,-,Green,-,Red,-,Green,-,Red,-,Green,-,Green,-,Green,-,Green,-,Green,-,Green,-,Red,-
14.04.2025,Green,-,Green,-,Red,-,Green,-,Red,-,Green,-,Green,-,Green,-,Green,-,Green,-,Green,-,Green,-
15.04.2025,Red,-,Green,-,Green,-,Green,-,Green,-,Green,-,Green,-,Green,-,Green,-,Green,-,Green,-,Red,-
16.04.2025,Red,-,Red,-,Green,-,Green,-,Green,-,Red,-,Green,-,Green,-,Green,-,Green,-,Green,-,Red,-
17.04.2025,Red,-,Green,-,Red,-,Green,-,Red,-,Green,-,Green,-,Green,-,Green,-,Green,-,Green,-,Green,-
18.04.2025,Red,-,Green,-,Red,-,Green,-,Red,-,Green,-,Green,-,Green,-,Green,-,Green,-,Red,-,Green,-
19.04.2025,Red,-,Green,-,Red,-,Red,-,Green,-,Green,-,Green,-,Green,-,Green,-,Green,-,Green,-,Red,-
20.04.2025,Green,-,Red,-,Red,-,Red,-,Red,-,Green,-,Green,-,Green,-,Green,-,Green,-,Green,-,Green,-
21.04.2025,Green,-,Red,-,Red,-,Green,-,Red,-,Green,-,Green,-,Green,-,Green,-,Green,-,Green,-,Green,-
22.04.2025,Green,-,Red,-,Red,-,Green,-,Red,-,Green,-,Green,-,Green,-,Green,-,Green,-,Green,-,Green,-
23.04.2025,Red,-,Green,-,Red,-,Green,-,Red,-,Green,-,Green,-,Green,-,Green,-,Green,-,Red,-,Red,-
24.04.2025,Red,-,Green,-,Red,-,Green,-,Red,-,Green,-,Red,-,Red,-,Green,-,Green,-,Green,-,Green,-
25.04.2025,Red,-,Green,-,Green,-,Green,-,Green,-,Green,-,Red,-,Red,-,Green,-,Red,-,Green,-,Red,-
26.04.2025,Green,-,Green,-,Red,-,Green,-,Green,-,Green,-,Green,-,Green,-,Green,-,Red,-,Green,-,Green,-
27.04.2025,Green,-,Green,-,Red,-,Green,-,Red,-,Green,-,Green,-,Green,-,Green,-,Red,-,Green,-,Green,-
28.04.2025,Green,-,Green,-,Red,-,Green,-,Red,-,Green,-,Green,-,Green,-,Green,-,Red,-,Green,-,Green,-
29.04.2025,Green,-,Green,-,Red,-,Green,-,Red,-,Green,-,Green,-,Green,-,Green,-,Red,-,Green,-,Green,-
30.04.2025,Green,-,Green,-,Red,-,Green,-,Red,-,Green,-,Green,-,Green,-,Green,-,Red,-,Green,-,Green,-
01.05.2025,Green,-,Green,-,Red,-,Green,-,Red,-,Green,-,Green,-,Green,-,Green,-,Red,-,Green,-,Green,-
02.05.2025,Green,-,Red,-,Red,-,Red,-,Red,-,Green,-,Green,-,Green,-,Green,-,Red,-,Green,-,Green,-
03.05.2025,Green,-,Green,-,Red,-,Green,-,Red,-,Green,-,Green,-,Green,-,Green,-,Red,-,Green,-,Green,-
04.05.2025,Green,-,Green,-,Red,-,Green,-,Red,-,Green,-,Green,-,Green,-,Green,-,Red,-,Green,-,Green,-
05.05.2025,Red,-,Red,-,Red,-,Red,-,Red,-,Green,-,Red,-,Green,-,Green,-,Red,-,Green,-,Green,-
06.05.2025,Green,-,Red,-,Red,-,Red,-,Red,-,Green,-,Green,-,Green,-,Green,-,Red,-,Green,-,Green,-
07.05.2025,Red,-,Red,-,Red,-,Red,-,Red,-,Green,-,Green,-,Green,-,Green,-,Red,-,Green,-,Green,-
08.05.2025,Green,-,Green,-,Red,-,Green,-,Red,-,Green,-,Red,-,Red,-,Green,-,Red,-,Green,-,Green,-
09.05.2025,Red,-,Red,-,Red,-,Red,-,Red,-,Green,-,Red,-,Red,-,Green,-,Green,-,Green,-,Green,-
10.05.2025,Green,-,Green,-,Red,-,Green,-,Red,-,Green,-,Green,-,Green,-,Green,-,Green,-,Green,-,Green,-
11.05.2025,Red,-,Green,-,Red,-,Green,-,Red,-,Red,-,Red,-,Green,-,Green,-,Red,-,Green,-,Green,-
12.05.2025,Red,-,Green,-,Red,-,Green,-,Red,-,Green,-,Red,-,Red,-,Green,-,Red,-,Green,-,Red,-
13.05.2025,Red,-,Green,-,Red,-,Green,-,Red,-,Green,-,Red,-,Red,-,Green,-,Green,-,Green,-,Red,-
14.05.2025,Red,-,Green,-,Red,-,Green,-,Red,-,Green,-,Green,-,Green,-,Green,-,Green,-,Green,-,Red,-
15.05.2025,Red,-,Red,-,Red,-,Green,-,Red,-,Green,-,Red,-,Green,-,Green,-,Green,-,Green,-,Red,-
16.05.2025,Red,-,Red,-,Red,-,Green,-,Green,-,Green,-,Red,-,Red,-,Green,-,Green,-,Green,-,Red,-
17.05.2025,Red,-,Green,-,Red,-,Green,-,Red,-,Green,-,Red,-,Red,-,Green,-,Green,-,Green,-,Green,-
18.05.2025,Green,-,Green,-,Red,-,Green,-,Green,-,Red,-,Green,-,Green,-,Green,-,Green,-,Red,-,Red,-
19.05.2025,Red,-,Red,-,Red,-,Red,-,Red,-,Green,-,Red,-,Red,-,Green,-,Green,-,Green,-,Green,-
20.05.2025,Red,-,Red,-,Red,-,Green,-,Red,-,Green,-,Red,-,Red,-,Green,-,Green,-,Green,-,Red,-
21.05.2025,Red,-,Red,-,Red,-,Red,-,Red,-,Green,-,Red,-,Red,-,Green,-,Green,-,Green,-,Green,-
22.05.2025,Red,-,Green,-,Red,-,Green,-,Red,-,Green,-,Red,-,Red,-,Green,-,Green,-,Green,-,Red,-
23.05.2025,Red,-,Red,-,Red,-,Red,-,Red,-,Green,-,Red,-,Green,-,Green,-,Green,-,Green,-,Green,-
24.05.2025,Red,-,Green,-,Red,-,Green,-,Red,-,Green,-,Red,-,Red,-,Green,-,Green,-,Green,-,Green,-
25.05.2025,Red,-,Red,-,Red,-,Red,-,Red,-,Green,-,Red,-,Red,-,Green,-,Green,-,Red,-,Green,-
26.05.2025,Red,-,Red,-,Red,-,Red,-,Red,-,Green,-,Red,-,Red,-,Green,-,Green,-,Green,-,Green,-
27.05.2025,Green,-,Red,-,Green,-,Red,-,Green,-,Green,-,Green,-,Green,-,Green,-,Red,-,Green,-,Green,-
28.05.2025,Red,-,Red,-,Red,-,Green,-,Red,-,Green,-,Red,-,Green,-,Green,-,Green,-,Red,-,Green,-
29.05.2025,Green,-,Red,-,Red,-,Green,-,Red,-,Green,-,Green,-,Green,-,Green,-,Green,-,Green,-,Green,-
30.05.2025,Red,-,Green,-,Red,-,Green,-,Red,-,Green,-,Green,-,Green,-,Green,-,Red,-,Green,-,Green,-
31.05.2025,Red,-,Green,-,Red,-,Green,-,Red,-,Green,-,Green,-,Green,-,Green,-,Green,-,Red,-,Green,-
01.06.2025,Red,-,Green,-,Red,-,Green,-,Red,-,Green,-,Red,-,Red,-,Green,-,Green,-,Green,-,Red,-
02.06.2025,Red,-,Red,-,Red,-,Green,-,Green,-,Green,-,Red,-,Red,-,Green,-,Green,-,Green,-,Green,-
03.06.2025,Red,-,Red,-,Red,-,Green,-,Green,-,Green,-,Red,-,Red,-,Green,-,Green,-,Green,-,Red,-
04.06.2025,Red,-,Green,-,Red,-,Green,-,Red,-,Green,-,Green,-,Green,-,Green,-,Green,-,Green,-,Green,-
05.06.2025,Red,-,Red,-,Red,-,Red,-,Green,-,Green,-,Green,-,Green,-,Green,-,Red,-,Green,-,Green,-
06.06.2025,Red,-,Red,-,Green,-,Green,-,Green,-,Green,-,Red,-,Red,-,Green,-,Green,-,Green,-,Red,-
07.06.2025,Red,-,Red,-,Red,-,Red,-,Red,-,Green,-,Red,-,Green,-,Green,-,Green,-,Green,-,Red,-
08.06.2025,Red,-,Red,-,Red,-,Red,-,Red,-,Red,-,Red,-,Green,-,Green,-,Red,-,Red,-,Red,-
09.06.2025,Red,-,Green,-,Green,-,Green,-,Green,-,Green,-,Red,-,Red,-,Green,-,Green,-,Green,-,Green,-
10.06.2025,Red,-,Red,-,Red,-,Green,-,Red,-,Green,-,Red,-,Green,-,Green,-,Red,-,Green,-,Green,-
11.06.2025,Red,-,Red,-,Red,-,Red,-,Red,-,Green,-,Red,-,Red,-,Green,-,Red,-,Green,-,Green,-
12.06.2025,Red,-,Red,-,Red,-,Red,-,Red,-,Green,-,Red,-,Red,-,Green,-,Red,-,Green,-,Green,-
13.06.2025,Red,-,Green,-,Red,-,Green,-,Green,-,Green,-,Green,-,Green,-,Green,-,Red,-,Red,-,Red,-
14.06.2025,Red,-,Green,-,Red,-,Green,-,Red,-,Green,-,Red,-,Green,-,Green,-,Green,-,Green,-,Red,-
15.06.2025,Red,-,Red,-,Green,-,Red,-,Green,-,Green,-,Green,-,Red,-,Green,-,Red,-,Green,-,Green,-
16.06.2025,Red,-,Green,-,Red,-,Green,-,Red,-,Green,-,Red,-,Green,-,Green,-,Green,-,Green,-,Red,-
17.06.2025,Green,-,Green,-,Red,-,Green,-,Green,-,Green,-,Green,-,Green,-,Green,-,Green,-,Green,-,Green,-
18.06.2025,Red,-,Green,-,Red,-,Green,-,Red,-,Green,-,Green,-,Red,-,Green,-,Red,-,Red,-,Green,-
19.06.2025,Red,-,Green,-,Red,-,Green,-,Red,-,Green,-,Red,-,Green,-,Green,-,Red,-,Green,-,Green,-
20.06.2025,Green,-,Green,-,Green,-,Green,-,Green,-,Green,-,Green,-,Green,-,Green,-,Green,-,Green,-,Green,-
21.06.2025,Red,-,Green,-,Red,-,Green,-,Red,-,Green,-,Red,-,Red,-,Green,-,Green,-,Green,-,Green,-
22.06.2025,Red,-,Green,-,Red,-,Green,-,Red,-,Green,-,Red,-,Green,-,Green,-,Green,-,Green,-,Green,-
23.06.2025,Red,-,Red,-,Red,-,Red,-,Red,-,Green,-,Red,-,Green,-,Green,-,Green,-,Green,-,Green,-
24.06.2025,Red,-,Green,-,Red,-,Green,-,Green,-,Green,-,Red,-,Green,-,Green,-,Green,-,Green,-,Green,-
25.06.2025,Green,-,Green,-,Red,-,Green,-,Green,-,Green,-,Green,-,Green,-,Green,-,Green,-,Green,-,Green,-
26.06.2025,Red,-,Green,-,Red,-,Green,-,Green,-,Green,-,Red,-,Green,-,Green,-,Green,-,Green,-,Green,-
27.06.2025,Red,-,Green,-,Red,-,Green,-,Red,-,Green,-,Red,-,Green,-,Green,-,Red,-,Red,-,Green,-
28.06.2025,Red,-,Green,-,Red,-,Green,-,Red,-,Green,-,Green,-,Green,-,Green,-,Green,-,Green,-,Green,-
29.06.2025,Red,-,Green,-,Red,-,Green,-,Red,-,Green,-,Red,-,Red,-,Green,-,Green,-,Green,-,Green,-
30.06.2025,Red,-,Green,-,Red,-,Green,-,Red,-,Green,-,Red,-,Green,-,Green,-,Green,-,Green,-,Green,-
01.07.2025,Red,-,Green,-,Red,-,Green,-,Green,-,Green,-,Red,-,Red,-,Green,-,Green,-,Green,-,Green,-
02.07.2025,Red,-,Green,-,Red,-,Green,-,Green,-,Green,-,Red,-,Green,-,Green,-,Green,-,Green,-,Green,-
03.07.2025,Red,-,Green,-,Green,-,Green,-,Green,-,Green,-,Red,-,Green,-,Green,-,Green,-,Green,-,Green,-
04.07.2025,Red,-,Green,-,Red,-,Green,-,Green,-,Green,-,Red,-,Red,-,Green,-,Green,-,Green,-,Green,-
05.07.2025,Red,-,Green,-,Red,-,Green,-,Red,-,Green,-,Red,-,Green,-,Green,-,Green,-,Red,-,Green,-
06.07.2025,Green,-,Green,-,Red,-,Green,-,Green,-,Green,-,Green,-,Green,-,Green,-,Green,-,Green,-,Green,-
07.07.2025,Red,-,Green,-,Green,-,Green,-,Green,-,Green,-,Red,-,Green,-,Green,-,Green,-,Green,-,Green,-
08.07.2025,Red,-,Green,-,Red,-,Green,-,Green,-,Green,-,Red,-,Green,-,Green,-,Green,-,Green,-,Green,-
09.07.2025,Red,-,Green,-,Red,-,Green,-,Green,-,Green,-,Red,-,Red,-,Green,-,Green,-,Green,-,Green,-
10.07.2025,Red,-,Green,-,Red,-,Green,-,Red,-,Green,-,Green,-,Green,-,Green,-,Green,-,Green,-,Green,-
11.07.2025,Green,-,Red,-,Red,-,Red,-,Green,-,Green,-,Red,-,Green,-,Green,-,Green,-,Green,-,Green,-
12.07.2025,Red,-,Red,-,Red,-,Red,-,Red,-,Green,-,Red,-,Red,-,Green,-,Green,-,Green,-,Green,-
13.07.2025,Red,-,Green,-,Red,-,Green,-,Red,-,Green,-,Red,-,Red,-,Green,-,Green,-,Red,-,Green,-
14.07.2025,Red,-,Red,-,Red,-,Green,-,Green,-,Green,-,Red,-,Red,-,Green,-,Green,-,Green,-,Green,-
15.07.2025,Red,-,Red,-,Red,-,Red,-,Red,-,Green,-,Red,-,Green,-,Green,-,Green,-,Green,-,Green,-
16.07.2025,Red,-,Green,-,Red,-,Green,-,Green,-,Green,-,Red,-,Red,-,Green,-,Green,-,Green,-,Green,-
17.07.2025,Red,-,Red,-,Red,-,Green,-,Green,-,Green,-,Red,-,Red,-,Green,-,Green,-,Green,-,Green,-
18.07.2025,Red,-,Green,-,Red,-,Green,-,Green,-,Green,-,Red,-,Green,-,Green,-,Green,-,Green,-,Green,-
19.07.2025,Red,-,Red,-,Red,-,Red,-,Green,-,Green,-,Red,-,Green,-,Green,-,Green,-,Green,-,Green,-
20.07.2025,Red,-,Red,-,Red,-,Red,-,Green,-,Green,-,Red,-,Green,-,Green,-,Green,-,Green,-,Green,-
21.07.2025,Red,-,Red,-,Red,-,Red,-,Red,-,Red,-,Red,-,Green,-,Green,-,Green,-,Green,-,Green,-
22.07.2025,Red,-,Red,-,Red,-,Green,-,Green,-,Green,-,Green,-,Red,-,Green,-,Green,-,Green,-,Green,-
23.07.2025,Green,-,Green,-,Red,-,Green,-,Red,-,Green,-,Green,-,Green,-,Green,-,Green,-,Red,-,Green,-
24.07.2025,Red,-,Green,-,Red,-,Green,-,Red,-,Green,-,Red,-,Green,-,Green,-,Red,-,Green,-,Green,-
25.07.2025,Red,-,Red,-,Green,-,Red,-,Green,-,Green,-,Red,-,Green,-,Green,-,Red,-,Green,-,Green,-
26.07.2025,Red,-,Green,-,Red,-,Green,-,Red,-,Green,-,Red,-,Green,-,Green,-,Green,-,Green,-,Green,-
27.07.2025,Red,-,Red,-,Green,-,Red,-,Green,-,Red,-,Red,-,Green,-,Green,-,Red,-,Green,-,Green,-
28.07.2025,Red,-,Red,-,Red,-,Red,-,Green,-,Green,-,Red,-,Red,-,Green,-,Green,-,Green,-,Green,-
29.07.2025,Red,-,Red,-,Red,-,Red,-,Green,-,Red,-,Red,-,Green,-,Green,-,Green,-,Green,-,Green,-
30.07.2025,Red,-,Green,-,Red,-,Green,-,Red,-,Green,-,Red,-,Red,-,Green,-,Green,-,Green,-,Green,-
31.07.2025,Red,-,Green,-,Red,-,Green,-,Red,-,Green,-,Red,-,Green,-,Green,-,Green,-,Red,-,Green,-
01.08.2025,Red,-,Red,-,Red,-,Red,-,Red,-,Green,-,Red,-,Red,-,Green,-,Green,-,Green,-,Green,-
02.08.2025,Red,-,Green,-,Red,-,Green,-,Red,-,Green,-,Green,-,Green,-,Green,-,Green,-,Green,-,Green,-
